Sample,ROI,Amplitude_mean,Amplitude_std,APD50_s_mean,APD50_s_std,APD90_s_mean,APD90_s_std,APD50_90_Ratio_mean,APD50_90_Ratio_std,Upstroke_Time_s_mean,Upstroke_Time_s_std,Repolarization_Time_s_mean,Repolarization_Time_s_std
CRISPH222P_PostISO,#1 (Mono - Tx Red),0.021286894,0.00072932,0.2133125,0.017827764,0.273375,0.012494666,0.78014648,0.051509579,0.092625,0.01647574,4.4326875,2.846513018
CRISPH222P_PostISO,#2 (Mono - Tx Red),0.018627484,0.000904158,0.216133333,0.01403499,0.312933333,0.047309719,0.703187197,0.098259693,0.089466667,0.009701743,4.494133333,3.047860441
CRISPH222P_PostISO,#3 (Mono - Tx Red),0.014407816,0.000615419,0.218066667,0.016572209,0.2934,0.032806358,0.748256975,0.066751306,0.0994,0.016247198,4.6308,3.058609469
CRISPH222P_PostISO,#4 (Mono - Tx Red),0.01634813,0.000699903,0.219533333,0.012704705,0.2882,0.018544156,0.763955684,0.055740541,0.097466667,0.016659903,4.410666667,2.819145075
CRISPH222P_PostISO,#5 (Mono - Tx Red),0.01750098,0.000611651,0.22,0.015811388,0.287,0.024159194,0.769732673,0.06448375,0.104615385,0.017134461,4.988307692,2.785438337
CRISPH222P_PostISO,#6 (Mono - Tx Red),0.023160089,0.00068243,0.2245,0.015444524,0.282625,0.02207827,0.795480998,0.033174025,0.102625,0.012991664,4.7391875,3.022539224
CRISPH222P_PostISO,#7 (Mono - Tx Red),0.01795323,0.0007324,0.2276,0.022228682,0.292266667,0.023432172,0.778960016,0.044777167,0.1182,0.018621033,4.805,3.036382952
CRISPH222P_PostISO,#8 (Mono - Tx Red),0.019519879,0.000675899,0.223466667,0.018901499,0.3016,0.020642536,0.742318141,0.059576164,0.096733333,0.018402122,4.748333333,3.054976939
CRISPH222P_PostISO,#9 (Mono - Tx Red),0.016324599,0.000450389,0.2214,0.016413409,0.272733333,0.01679484,0.812219341,0.0428714,0.102066667,0.016598049,4.639466667,3.06513262
CRISPH222P_PostISO,#10 (Mono - Tx Red),0.016551778,0.000490149,0.2225625,0.016883794,0.3069375,0.042497794,0.735290555,0.092436957,0.1025625,0.01384663,4.7854375,3.008576939
CRISPH222P_PostISO001,#1 (Mono - Tx Red),0.017237442,0.00080698,0.219461538,0.01460374,0.287923077,0.020669872,0.764298404,0.052530943,0.113153846,0.017155398,5.159307692,2.92122658
CRISPH222P_PostISO001,#2 (Mono - Tx Red),0.011562724,0.000578418,0.205916667,0.010004166,0.275916667,0.040520384,0.75835079,0.09718092,0.095833333,0.012401124,4.927833333,2.801112403
CRISPH222P_PostISO001,#3 (Mono - Tx Red),0.01647067,0.000777156,0.2185,0.011016517,0.284416667,0.024362633,0.772285029,0.06190778,0.103333333,0.013706888,4.9705,2.986493216
CRISPH222P_PostISO001,#4 (Mono - Tx Red),0.017237564,0.000608937,0.217666667,0.01530498,0.2835,0.014190266,0.767429899,0.02854156,0.108333333,0.019924098,4.97125,2.992934532
CRISPH222P_PostISO001,#5 (Mono - Tx Red),0.011781946,0.000486383,0.2085,0.015240496,0.281833333,0.021535735,0.742775395,0.066403835,0.098333333,0.018504709,5.42325,2.896272718
CRISPH222P_PostISO001,#6 (Mono - Tx Red),0.011702387,0.000587465,0.210230769,0.012255297,0.294846154,0.037680336,0.720788535,0.072630208,0.103923077,0.017609001,5.183923077,2.941549803
CRISPH222P_PostISO001,#7 (Mono - Tx Red),0.01762525,0.000614545,0.207214286,0.015865679,0.293785714,0.026460939,0.709535092,0.072562543,0.102857143,0.014898927,5.073857143,2.983909358
CRISPH222P_PostISO001,#8 (Mono - Tx Red),0.019828912,0.000476112,0.214,0.012629331,0.268692308,0.017128848,0.797745981,0.042453003,0.101538462,0.013445045,5.210923077,3.012701818
CRISPH222P_PostISO001,#9 (Mono - Tx Red),0.016683863,0.000588661,0.217923077,0.014221237,0.291,0.031556827,0.753743758,0.060229086,0.111538462,0.019081472,5.287076923,3.070917953
CRISPH222P_PostISO001,#10 (Mono - Tx Red),0.011697867,0.000493955,0.214727273,0.023358471,0.264727273,0.030783408,0.812134622,0.026671305,0.106454545,0.025145034,5.136636364,3.063892598
CRISPH222P_PostISO002,#1 (Mono - Tx Red),0.011538548,0.000670023,0.20425,0.018694311,0.301,0.042842205,0.685267976,0.064063694,0.10675,0.01966596,4.9805,2.78915929
CRISPH222P_PostISO002,#2 (Mono - Tx Red),0.009650062,0.000418187,0.197846154,0.013667761,0.301,0.030700163,0.661253645,0.055549163,0.098538462,0.017159135,5.115461538,2.922356287
CRISPH222P_PostISO002,#3 (Mono - Tx Red),0.010673431,0.000568967,0.20925,0.02021307,0.2985,0.031730398,0.705091184,0.070121602,0.11,0.021320072,4.940416667,3.021143446
CRISPH222P_PostISO002,#4 (Mono - Tx Red),0.014292005,0.000564271,0.202583333,0.015017919,0.306,0.026198543,0.665463097,0.062796648,0.109166667,0.019286516,4.92375,2.960745887
CRISPH222P_PostISO002,#5 (Mono - Tx Red),0.011972527,0.000535614,0.207666667,0.019763756,0.291,0.036717595,0.720517603,0.082078672,0.117583333,0.019331831,5.509166667,2.746771091
CRISPH222P_PostISO002,#6 (Mono - Tx Red),0.017127997,0.000958251,0.211692308,0.015123848,0.297846154,0.031066719,0.715200416,0.065772898,0.113153846,0.009450275,5.122307692,2.975019955
CRISPH222P_PostISO002,#7 (Mono - Tx Red),0.011694338,0.000533839,0.214,0.017497619,0.309384615,0.035680383,0.697170664,0.07250431,0.115461538,0.016107014,4.871307692,3.064089516
CRISPH222P_PostISO002,#8 (Mono - Tx Red),0.011381305,0.000619402,0.200076923,0.015223127,0.303230769,0.034455657,0.66459337,0.061190464,0.107,0.02251666,4.819769231,3.003379073
CRISPH222P_PostISO002,#9 (Mono - Tx Red),0.011044152,0.000544585,0.2081,0.021460299,0.3072,0.032903225,0.679818571,0.059595593,0.1161,0.023163429,5.294,3.133181096
CRISPH222P_PostISO002,#10 (Mono - Tx Red),0.015486575,0.001019759,0.20425,0.018301143,0.29175,0.030397742,0.702189022,0.045554072,0.1075,0.016583124,4.937833333,3.015607608
CRISPH222P_PostISO003,#1 (Mono - Tx Red),0.012416679,0.000688617,0.214636364,0.01739122,0.314636364,0.026766669,0.687353053,0.085488332,0.118181818,0.02040499,5.556909091,2.691292457
CRISPH222P_PostISO003,#2 (Mono - Tx Red),0.010151555,0.002525064,0.20525,0.024368851,0.289416667,0.039380333,0.713241001,0.067512635,0.115,0.02236068,5.001333333,2.840596395
CRISPH222P_PostISO003,#3 (Mono - Tx Red),0.009960717,0.000649449,0.205666667,0.013190906,0.291222222,0.040415893,0.717618326,0.102424902,0.108888889,0.023687784,5.360777778,2.968119555
CRISPH222P_PostISO003,#4 (Mono - Tx Red),0.009268584,0.002029461,0.201846154,0.025851648,0.298769231,0.049112378,0.68179873,0.071068409,0.110846154,0.025935324,5.360307692,2.710027595
CRISPH222P_PostISO003,#5 (Mono - Tx Red),0.011963556,0.00061954,0.209272727,0.018590809,0.314727273,0.049351983,0.674828889,0.084500986,0.111,0.015066519,5.164818182,2.703972552
CRISPH222P_PostISO003,#6 (Mono - Tx Red),0.011727964,0.000672679,0.21175,0.021157956,0.310083333,0.036031447,0.686852808,0.062740082,0.11,0.019069252,5.323166667,2.690822444
CRISPH222P_PostISO003,#7 (Mono - Tx Red),0.010606693,0.000531616,0.217454545,0.02504142,0.298363636,0.03601742,0.732857051,0.077429253,0.120909091,0.025081685,5.828090909,2.865117256
CRISPH222P_PostISO003,#8 (Mono - Tx Red),0.009566404,0.000348107,0.208615385,0.013955515,0.312461538,0.035873889,0.674930094,0.082284886,0.111538462,0.022303271,5.234769231,2.763577517
CRISPH222P_PostISO003,#9 (Mono - Tx Red),0.009586765,0.000589359,0.1991,0.024066805,0.2811,0.0433191,0.714464365,0.073017911,0.116,0.025473298,5.4871,3.031504117
CRISPH222P_PostISO003,#10 (Mono - Tx Red),0.011319536,0.00043208,0.200111111,0.013232955,0.291222222,0.037261836,0.697063826,0.098068436,0.112222222,0.014813657,5.191666667,2.717206424
CRISPH222P_PostISO004,#1 (Mono - Tx Red),0.011184863,0.00062644,0.2051,0.019439079,0.3091,0.052018052,0.67252451,0.070910569,0.1091,0.020146409,6.1336,2.39868085
CRISPH222P_PostISO004,#2 (Mono - Tx Red),0.012330769,0.000403928,0.209272727,0.015735888,0.298363636,0.041560252,0.709464858,0.074766066,0.115545455,0.024295529,6.143727273,2.60497152
CRISPH222P_PostISO004,#3 (Mono - Tx Red),0.011146312,0.00072962,0.198363636,0.016039157,0.288454545,0.046018178,0.698052063,0.085969714,0.110090909,0.014145349,5.454181818,2.709777918
CRISPH222P_PostISO004,#4 (Mono - Tx Red),0.012405433,0.000695891,0.1982,0.01754233,0.2793,0.03376076,0.712727756,0.041727994,0.0991,0.011892575,5.7724,2.641877539
CRISPH222P_PostISO004,#5 (Mono - Tx Red),0.012193222,0.00063776,0.1982,0.021001587,0.2803,0.033833087,0.710055827,0.051780504,0.1071,0.017628575,5.9636,2.817960736
CRISPH222P_PostISO004,#6 (Mono - Tx Red),0.013063082,0.000576364,0.205461538,0.014063045,0.285538462,0.0158199,0.720843972,0.054617501,0.11,0.016832508,5.815153846,2.610870476
CRISPH222P_PostISO004,#7 (Mono - Tx Red),0.011564617,0.000596621,0.1972,0.012488217,0.2773,0.023921399,0.713856542,0.048955902,0.1061,0.025008665,5.6974,2.534152113
CRISPH222P_PostISO004,#8 (Mono - Tx Red),0.010875906,0.000793934,0.203818182,0.020643731,0.300181818,0.043751156,0.684828623,0.066578588,0.112818182,0.02203097,4.777272727,2.541640891
CRISPH222P_PostISO004,#9 (Mono - Tx Red),0.009513284,0.000485555,0.203,0.011421976,0.292285714,0.036803906,0.701158776,0.062955662,0.112214286,0.016248922,5.206785714,3.030214823
CRISPH222P_PostISO004,#10 (Mono - Tx Red),0.011188623,0.00096425,0.212583333,0.015494623,0.310916667,0.037283821,0.689631669,0.067105598,0.113333333,0.021033883,5.574166667,2.979490799
CRISPH222P_PostISO005,#1 (Mono - Tx Red),0.010878364,0.000483356,0.207888889,0.02067876,0.319111111,0.042829442,0.657952093,0.077885437,0.113444444,0.023596139,4.440111111,3.245320494
CRISPH222P_PostISO005,#2 (Mono - Tx Red),0.011974126,0.000536506,0.214444444,0.008819171,0.295777778,0.02752625,0.731503392,0.083387955,0.108888889,0.020883273,5.303,3.543964694
CRISPH222P_PostISO005,#3 (Mono - Tx Red),0.012822965,0.001723527,0.205545455,0.020156208,0.298454545,0.044380995,0.696099253,0.071148051,0.105545455,0.019602875,4.346090909,3.07827177
CRISPH222P_PostISO005,#4 (Mono - Tx Red),0.011335865,0.001427373,0.1991,0.011120052,0.2953,0.036120324,0.683303606,0.090813114,0.1061,0.015161721,4.2233,3.213917203
CRISPH222P_PostISO005,#5 (Mono - Tx Red),0.012123167,0.000905768,0.20175,0.019964172,0.306916667,0.046543154,0.665491753,0.073878487,0.099166667,0.021933094,4.807,3.387821424
CRISPH222P_PostISO005,#6 (Mono - Tx Red),0.00958163,0.001710375,0.2,0.01,0.677333333,0.040869712,0.295640533,0.015152377,0.106666667,0.011547005,5.451,4.194541214
CRISPH222P_PostISO005,#7 (Mono - Tx Red),0.012023149,0.000848019,0.198875,0.021616379,0.303875,0.052428012,0.663299145,0.07634338,0.106375,0.011685614,4.8625,2.986498619
CRISPH222P_PostISO005,#8 (Mono - Tx Red),0.010290504,0.000826107,0.206777778,0.014350765,0.311444444,0.036270205,0.671222839,0.083981013,0.107888889,0.022915303,5.138444444,3.347621062
CRISPH222P_PostISO005,#9 (Mono - Tx Red),0.01161419,0.001453432,0.2101,0.027408231,0.2992,0.044938971,0.705316668,0.048340626,0.1111,0.018405615,4.5625,3.139109968
CRISPH222P_PostISO005,#10 (Mono - Tx Red),0.010020494,0.000457625,0.205714286,0.02370453,0.298857143,0.05605482,0.703293221,0.111439307,0.11,0.014142136,3.983142857,3.120625868
CRISPH222P_PreISO002,#1 (Mono - Tx Red),0.001696905,,0.31,,1.371,,0.226112327,,0.08,,9.277,
CRISPH222P_PreISO002,#2 (Mono - Tx Red),0.001711978,0.000195236,0.2122,0.068128636,0.3165,0.043208153,0.661519817,0.157968405,0.0911,0.021366901,5.4333,3.013141884
CRISPH222P_PreISO002,#3 (Mono - Tx Red),0.001461195,0.000252894,0.165,0.043243497,0.270166667,0.03975131,0.628479711,0.21459558,0.088333333,0.011690452,4.466666667,3.898990724
CRISPH222P_PreISO002,#4 (Mono - Tx Red),0.002689119,0.000300336,0.215166667,0.045433101,0.2955,0.057308813,0.740223621,0.163826408,0.093333333,0.027325202,5.999666667,3.14970714
CRISPH222P_PreISO003,#1 (Mono - Tx Red),0.010966623,0.000360254,0.233095238,0.024128624,0.330285714,0.039181811,0.711787714,0.083965417,0.11052381,0.023997123,5.212095238,2.744447374
CRISPH222P_PreISO003,#2 (Mono - Tx Red),0.011791116,0.000391912,0.2308,0.019484407,0.33985,0.035233469,0.684710622,0.081157717,0.1091,0.019037083,5.15545,2.964991639
CRISPH222P_PreISO003,#3 (Mono - Tx Red),0.012941033,0.000361763,0.230761905,0.016723949,0.324142857,0.02367126,0.715952479,0.076224447,0.107238095,0.015971552,5.20352381,2.755736192
CRISPH222P_PreISO003,#4 (Mono - Tx Red),0.011618916,0.000475746,0.2376,0.021708458,0.357,0.056347138,0.676434946,0.088214117,0.110066667,0.014144492,4.961133333,3.120831068
CRISPH222P_PreISO003,#5 (Mono - Tx Red),0.011237377,0.000434674,0.233619048,0.017336309,0.327,0.037375125,0.719718999,0.064664493,0.114428571,0.020870006,5.202095238,2.759402905
CRISPH222P_PreISO003,#6 (Mono - Tx Red),0.010971455,0.000353573,0.2444,0.024224545,0.3358,0.035619417,0.731496059,0.067066787,0.125533333,0.025667842,5.7318,2.605330777
CRISPH222P_PreISO003,#7 (Mono - Tx Red),0.014120147,0.000433515,0.2275,0.019452053,0.325333333,0.028257222,0.702104414,0.065486715,0.106277778,0.015133934,4.9605,2.409826898
CRISPH222P_PreISO003,#8 (Mono - Tx Red),0.014607795,0.000490705,0.237428571,0.019166563,0.327952381,0.035678391,0.727856421,0.055199544,0.114380952,0.020589988,5.198761905,2.749219597
CRISPH222P_PreISO003,#9 (Mono - Tx Red),0.012787907,0.000532776,0.2283,0.019612295,0.30785,0.023367262,0.743179211,0.057600174,0.10965,0.018439874,5.38215,2.657444623
CRISPH222P_PreISO003,#10 (Mono - Tx Red),0.018393488,0.000577842,0.23175,0.014260269,0.3158,0.02518688,0.736805495,0.055220216,0.1126,0.018562554,5.14645,2.822373609
CRISPH222P_PreISO004,#1 (Mono - Tx Red),0.013924585,0.000560105,0.255571429,0.022577802,0.341285714,0.030929182,0.750167423,0.041897688,0.144571429,0.024947087,5.447952381,2.93860238
CRISPH222P_PreISO004,#2 (Mono - Tx Red),0.015194312,0.00043617,0.250888889,0.018489707,0.344777778,0.023880968,0.728684734,0.044260961,0.142555556,0.0160302,5.198388889,2.817670046
CRISPH222P_PreISO004,#3 (Mono - Tx Red),0.015952468,0.000455608,0.251894737,0.011685198,0.345578947,0.023868426,0.730425647,0.031767783,0.139684211,0.013503303,5.061210526,2.800800472
CRISPH222P_PreISO004,#4 (Mono - Tx Red),0.014599419,0.000546009,0.25685,0.015267009,0.35135,0.024160156,0.732565647,0.040606487,0.1482,0.017258408,5.30605,2.946756816
CRISPH222P_PreISO004,#5 (Mono - Tx Red),0.013409274,0.000478108,0.259789474,0.016406567,0.353473684,0.028671256,0.737239283,0.047071997,0.150789474,0.018032622,4.560315789,2.678242252
CRISPH222P_PreISO004,#6 (Mono - Tx Red),0.011971995,0.000517049,0.255058824,0.014254256,0.334470588,0.01566492,0.76313504,0.037088197,0.147352941,0.014547084,5.124529412,2.822119685
CRISPH222P_PreISO004,#7 (Mono - Tx Red),0.013451,0.000596474,0.252058824,0.017415764,0.347352941,0.027002179,0.727957423,0.051430975,0.138470588,0.017000433,5.299294118,2.868950217
CRISPH222P_PreISO004,#8 (Mono - Tx Red),0.010978915,0.000487861,0.2478125,0.020278786,0.3409375,0.039150085,0.730714005,0.050860991,0.1340625,0.022272461,4.4165,2.700865195
CRISPH222P_PreISO004,#9 (Mono - Tx Red),0.010376522,0.000388929,0.2474,0.020790686,0.3394,0.035880503,0.731745068,0.047346529,0.13925,0.024010688,5.38465,2.894519236
CRISPH222P_PreISO004,#10 (Mono - Tx Red),0.016287668,0.00096173,0.246785714,0.015690166,0.346785714,0.027288145,0.714201891,0.052979446,0.133214286,0.018439834,4.961642857,2.927973692
CRISPH222P_PreISO005,#1 (Mono - Tx Red),0.009366455,0.003246191,0.2504,0.037597872,0.3755,0.051706974,0.66791539,0.067003792,0.1133,0.028115041,5.184,3.048358903
CRISPH222P_PreISO005,#2 (Mono - Tx Red),0.010728732,0.003623097,0.271333333,0.034434721,0.354888889,0.032382265,0.765637492,0.075751471,0.140111111,0.03424341,4.660333333,3.114665472
CRISPH222P_PreISO005,#3 (Mono - Tx Red),0.012521487,0.001330351,0.297571429,0.039752808,0.423428571,0.109773793,0.721797878,0.104712659,0.151714286,0.058340136,4.334857143,2.892126175
CRISPH222P_PreISO005,#4 (Mono - Tx Red),0.01347607,0.00260886,0.2924,0.033590177,0.4044,0.027862161,0.723690082,0.078139157,0.124,0.031304952,4.6636,2.813882425
CRISPH222P_PreISO005,#5 (Mono - Tx Red),0.014076656,0.00193688,0.29775,0.027675415,0.394,0.030692019,0.757037134,0.061087189,0.15375,0.025035689,5.244,2.628808747
CRISPH222P_PreISO005,#6 (Mono - Tx Red),0.012704536,0.000602033,0.31,0.026457513,0.696666667,0.070237692,0.448397014,0.065492235,0.166666667,0.047258156,4.273,3.419544853
CRISPH222P_PreISO005,#7 (Mono - Tx Red),0.013541784,0.000798565,0.3,0.043588989,0.67,0.03,0.449953358,0.083949873,0.153333333,0.057735027,4.256333333,3.400591174
CRISPH222P_PreISO005,#8 (Mono - Tx Red),0.012511403,0.002377284,0.310333333,0.032684349,0.685333333,0.044071155,0.455151389,0.062369673,0.15,0.048166378,5.1805,2.979978305
CRISPH222P_PreISO005,#9 (Mono - Tx Red),0.00982753,0.002427775,0.2686,0.03329114,0.3706,0.039182904,0.725459615,0.061197097,0.1304,0.039437292,4.7698,3.379326664
CRISPH222P_PreISO005,#10 (Mono - Tx Red),0.009860747,0.002225757,0.32,0.02,0.686666667,0.04163332,0.468353175,0.05810842,0.156666667,0.025166115,4.256333333,3.402444758
CRISPH222P_PreISO006,#1 (Mono - Tx Red),0.007930719,0.000516374,0.22,0.041952354,0.368333333,0.070545494,0.614622153,0.146547029,0.101666667,0.031885211,4.204666667,3.077984059
CRISPH222P_PreISO006,#2 (Mono - Tx Red),0.01006167,0.001614948,0.270333333,0.047751884,0.352,0.060434788,0.769060422,0.053217982,0.127666667,0.044534631,5.465,2.788089962
CRISPH222P_PreISO006,#3 (Mono - Tx Red),0.008373884,0.002303038,0.245636364,0.058713325,0.363818182,0.08119214,0.683807055,0.12595117,0.127363636,0.043822991,5.919,3.08084047
CRISPH222P_PreISO006,#4 (Mono - Tx Red),0.007751894,0.001825245,0.234666667,0.040413488,0.328,0.054915845,0.719613298,0.08442294,0.1,0.021213203,5.494111111,3.263987379
CRISPH222P_PreISO006,#5 (Mono - Tx Red),0.007486496,0.002023149,0.259125,0.037714861,0.397875,0.110613145,0.686620646,0.168913696,0.097625,0.037675068,6.433625,2.638279523
CRISPH222P_PreISO006,#6 (Mono - Tx Red),0.008550743,0.000793107,0.22525,0.01017759,0.34275,0.029159047,0.659610517,0.046032438,0.09775,0.015283433,6.97275,2.292561068
CRISPH222P_PreISO006,#7 (Mono - Tx Red),0.009128851,0.002590792,0.278583333,0.06686412,0.368583333,0.095145304,0.770981795,0.12181756,0.111666667,0.039733964,5.431583333,2.494968626
CRISPH222P_PreISO006,#8 (Mono - Tx Red),0.007906103,0.000942644,0.2484,0.052428152,0.3634,0.091072865,0.707208742,0.157655542,0.1211,0.04201706,5.0299,2.5416452
CRISPH222P_PreISO006,#9 (Mono - Tx Red),0.010864143,0.001317993,0.287230769,0.043516575,0.389538462,0.08503001,0.750797503,0.085165021,0.146230769,0.049963576,4.645846154,2.621222483
CRISPH222P_PreISO006,#10 (Mono - Tx Red),0.009398614,0.003279902,0.2985,0.031392674,0.885666667,0.131385945,0.342766758,0.054505723,0.153333333,0.049261209,6.214833333,3.165042459
CRISPH222P_PreISO007,#1 (Mono - Tx Red),0.008270697,0.000575495,0.234846154,0.02400988,0.330230769,0.061767243,0.725793709,0.097586301,0.119384615,0.025293406,5.809,2.464606426
CRISPH222P_PreISO007,#2 (Mono - Tx Red),0.006421263,0.000651549,0.231,0.035011903,0.324923077,0.054458641,0.716507805,0.075980288,0.121692308,0.030909504,5.478846154,2.587665642
CRISPH222P_PreISO007,#3 (Mono - Tx Red),0.009494178,0.000454525,0.25525,0.024368851,0.335333333,0.043256809,0.76826618,0.082287477,0.127583333,0.020694568,5.249,2.967537577
CRISPH222P_PreISO007,#4 (Mono - Tx Red),0.008921068,0.000605238,0.226916667,0.020201073,0.298583333,0.042253474,0.766847723,0.066345885,0.115083333,0.019190236,5.936166667,2.888714021
CRISPH222P_PreISO007,#5 (Mono - Tx Red),0.00773761,0.000754642,0.225166667,0.019912688,0.31275,0.046526874,0.728446403,0.073063051,0.116,0.01776104,5.640166667,2.54947773
CRISPH222P_PreISO007,#6 (Mono - Tx Red),0.011004524,0.000627571,0.2414375,0.022015052,0.322125,0.034245924,0.752666812,0.057947482,0.1350625,0.019682374,4.751125,2.598519678
CRISPH222P_PreISO007,#7 (Mono - Tx Red),0.010657681,0.000851692,0.234692308,0.024039497,0.330153846,0.041814762,0.716360856,0.074258074,0.123923077,0.01839593,4.824384615,2.131518846
CRISPH222P_PreISO007,#8 (Mono - Tx Red),0.009652532,0.000686809,0.240076923,0.026458967,0.341769231,0.049059749,0.710089499,0.086744311,0.133153846,0.020999389,4.925307692,2.674363862
CRISPH222P_PreISO007,#9 (Mono - Tx Red),0.009699251,0.000639821,0.238769231,0.023029524,0.337384615,0.050626967,0.72145091,0.11659958,0.116461538,0.015114096,5.534307692,2.64639262
CRISPH222P_PreISO007,#10 (Mono - Tx Red),0.006816711,0.000844092,0.229333333,0.025755258,0.315166667,0.054105677,0.739835709,0.096848569,0.120083333,0.020891313,5.337333333,2.559661282
CRISPH222P_PreISO008,#1 (Mono - Tx Red),0.004962103,0.000305355,0.240363636,0.016620907,0.334909091,0.033164603,0.721093358,0.053922977,0.120090909,0.026383535,4.722727273,3.080855079
CRISPH222P_PreISO008,#2 (Mono - Tx Red),0.005600159,0.000442526,0.2303,0.020661559,0.3363,0.063478868,0.69916577,0.092727706,0.117,0.025841397,5.4452,2.953211653
CRISPH222P_PreISO008,#3 (Mono - Tx Red),0.005438997,0.000409449,0.232090909,0.023568855,0.318545455,0.029766974,0.730494413,0.059878451,0.11,0.014832397,4.403454545,3.210602727
CRISPH222P_PreISO008,#4 (Mono - Tx Red),0.004913473,0.000428737,0.23375,0.023112865,0.343833333,0.034363917,0.683304533,0.071490088,0.114166667,0.027455198,5.85375,2.843800694
CRISPH222P_PreISO008,#5 (Mono - Tx Red),0.004656799,0.000405719,0.225857143,0.013909572,0.341571429,0.052063606,0.671362002,0.083969741,0.107285714,0.018927179,4.986571429,3.690977777
CRISPH222P_PreISO008,#6 (Mono - Tx Red),0.00475951,0.000319258,0.230307692,0.022990522,0.334923077,0.035153145,0.692532552,0.080305734,0.116384615,0.022570403,4.732076923,3.056425185
CRISPH222P_PreISO008,#7 (Mono - Tx Red),0.004268552,0.000312015,0.222090909,0.042889287,0.332909091,0.057713871,0.670511142,0.112466809,0.115545455,0.028500399,4.313090909,3.03271741
CRISPH222P_PreISO008,#8 (Mono - Tx Red),0.005026737,0.000354635,0.2302,0.02683601,0.321666667,0.043328754,0.719221154,0.055606439,0.109466667,0.02446241,4.9138,2.910635797
CRISPH222P_PreISO008,#9 (Mono - Tx Red),0.006242086,0.000377801,0.24275,0.017612625,0.342833333,0.036961487,0.713821073,0.07470424,0.120083333,0.025973617,5.044666667,3.362496187
CRISPH222P_PreISO008,#10 (Mono - Tx Red),0.005240614,0.000227032,0.234416667,0.033963773,0.35525,0.047493779,0.665085388,0.09065506,0.10675,0.024185364,4.892916667,3.093309921
CRISPH222P_PreISO009,#1 (Mono - Tx Red),0.012005067,0.000343582,0.260230769,0.018489429,0.391153846,0.046357031,0.673092122,0.085348463,0.090923077,0.015574881,6.151615385,2.632559323
CRISPH222P_PreISO009,#2 (Mono - Tx Red),0.014779562,0.000456982,0.2622,0.022944654,0.377733333,0.037176157,0.697686903,0.065673114,0.0802,0.013099618,5.7798,2.83530276
CRISPH222P_PreISO009,#3 (Mono - Tx Red),0.009080969,0.000504067,0.274769231,0.018317359,0.405538462,0.068740594,0.690377833,0.088377019,0.086307692,0.020945901,4.870538462,2.943091957
CRISPH222P_PreISO009,#4 (Mono - Tx Red),0.011851199,0.000350755,0.267428571,0.019594796,0.435428571,0.059091473,0.626605989,0.111020139,0.092928571,0.018975548,5.061785714,2.794679731
CRISPH222P_PreISO009,#5 (Mono - Tx Red),0.011362041,0.000344464,0.2676875,0.021752299,0.3998125,0.032747964,0.673119102,0.070407587,0.0926875,0.018916373,5.5361875,2.899064176
CRISPH222P_PreISO009,#6 (Mono - Tx Red),0.013272039,0.000466358,0.2633125,0.022872746,0.3490625,0.025678704,0.75559117,0.054548675,0.0858125,0.014882736,5.1389375,3.157507043
CRISPH222P_PreISO009,#7 (Mono - Tx Red),0.011054349,0.000357114,0.2683125,0.021287614,0.369625,0.042896581,0.732273741,0.07943336,0.08325,0.015347095,5.3709375,3.085736205
CRISPH222P_PreISO009,#8 (Mono - Tx Red),0.02110223,0.000444674,0.2689375,0.020107938,0.39725,0.031522479,0.681044639,0.073932015,0.086375,0.012032595,5.0044375,2.973251194
CRISPH222P_PreISO009,#9 (Mono - Tx Red),0.010213267,0.000627895,0.26625,0.021054583,0.461333333,0.056314593,0.586212287,0.095815967,0.074416667,0.01239104,4.316666667,2.713324574
CRISPH222P_PreISO009,#10 (Mono - Tx Red),0.01292457,0.000388071,0.268470588,0.024062724,0.385705882,0.05322918,0.70443915,0.086366649,0.088882353,0.022610513,4.992705882,2.969380802
CRISPH222P_PreISO010,#1 (Mono - Tx Red),0.008868772,0.000640741,0.257285714,0.017843027,0.358142857,0.044786428,0.730832823,0.114071273,0.095071429,0.021663384,5.119642857,3.09656896
CRISPH222P_PreISO010,#2 (Mono - Tx Red),0.007361102,0.000525577,0.263727273,0.016876557,0.391090909,0.060917082,0.692922495,0.134644002,0.097272727,0.020045403,5.807090909,2.764590113
CRISPH222P_PreISO010,#3 (Mono - Tx Red),0.00693744,0.000193464,0.247545455,0.029149146,0.334909091,0.049233027,0.745342879,0.081210633,0.092818182,0.015078582,5.225909091,3.189107099
CRISPH222P_PreISO010,#4 (Mono - Tx Red),0.008046853,0.000324302,0.2528,0.028864709,0.358133333,0.041550085,0.709434642,0.070628953,0.096666667,0.015430335,5.159866667,3.026088514
CRISPH222P_PreISO010,#5 (Mono - Tx Red),0.007762049,0.000483089,0.258411765,0.021851942,0.336117647,0.029609716,0.773709822,0.085406363,0.100647059,0.01856388,5.092705882,2.904435977
CRISPH222P_PreISO010,#6 (Mono - Tx Red),0.007316261,0.000395116,0.251769231,0.021568317,0.336384615,0.033878554,0.752641292,0.074906208,0.098538462,0.015740687,4.862153846,3.29151049
CRISPH222P_PreISO010,#7 (Mono - Tx Red),0.008240148,0.00036142,0.257125,0.029042211,0.3759375,0.063624386,0.696876875,0.110700763,0.0900625,0.014562366,5.369125,2.86452851
CRISPH222P_PreISO010,#8 (Mono - Tx Red),0.008769395,0.000440518,0.255470588,0.024127571,0.349588235,0.046192611,0.740366864,0.099602072,0.104176471,0.020038199,5.082058824,2.968657977
CRISPH222P_PreISO010,#9 (Mono - Tx Red),0.007718767,0.000458708,0.253416667,0.033194902,0.351833333,0.046555604,0.72667571,0.092175052,0.092583333,0.015376832,5.088,2.950124959
CRISPH222P_PreISO010,#10 (Mono - Tx Red),0.006882997,0.000639885,0.263785714,0.027959252,0.400214286,0.065961735,0.672571854,0.107058099,0.100857143,0.017257583,4.980857143,2.952711814
CRISPH222P_PreISO011,#1 (Mono - Tx Red),0.009548805,0.000384445,0.25975,0.019034249,0.35435,0.028972355,0.734592184,0.040908672,0.12265,0.02110444,5.0834,2.80018096
CRISPH222P_PreISO011,#2 (Mono - Tx Red),0.009557135,0.000418091,0.2613,0.022725131,0.35035,0.028731562,0.746502883,0.041188352,0.13065,0.023702709,5.0834,2.792367556
CRISPH222P_PreISO011,#3 (Mono - Tx Red),0.0088359,0.000538943,0.259,0.027593691,0.358055556,0.04586229,0.728780037,0.073908744,0.123944444,0.02230925,4.753666667,2.688046612
CRISPH222P_PreISO011,#4 (Mono - Tx Red),0.008819456,0.000472666,0.259285714,0.029098355,0.353666667,0.038408766,0.735218858,0.058309302,0.122,0.029238673,5.277904762,2.85077477
CRISPH222P_PreISO011,#5 (Mono - Tx Red),0.009861677,0.000538936,0.259,0.024749411,0.3585,0.036814852,0.726730821,0.073096453,0.12575,0.020547506,4.35525,2.622252963
CRISPH222P_PreISO011,#6 (Mono - Tx Red),0.009567823,0.00051903,0.26352381,0.023794157,0.375095238,0.045520221,0.710181082,0.088076068,0.126285714,0.026126888,5.28647619,2.852547697
CRISPH222P_PreISO011,#7 (Mono - Tx Red),0.00788381,0.000382122,0.253071429,0.02513185,0.332428571,0.036502296,0.765288765,0.072441908,0.123714286,0.019112737,4.865214286,2.707046252
CRISPH222P_PreISO011,#8 (Mono - Tx Red),0.009173938,0.000509594,0.259055556,0.025445379,0.345277778,0.035183227,0.753246515,0.062060388,0.123388889,0.023052724,4.679722222,2.646586476
CRISPH222P_PreISO011,#9 (Mono - Tx Red),0.007532624,0.000479549,0.264866667,0.021091185,0.371533333,0.038552129,0.716207885,0.052965486,0.131466667,0.022693192,4.848333333,2.505004895
CRISPH222P_PreISO011,#10 (Mono - Tx Red),0.00866099,0.000448004,0.252944444,0.017264286,0.356388889,0.034119408,0.714527516,0.069356475,0.1195,0.019184093,5.062222222,2.899834307
P2A_PostISO,#1 (Mono - Tx Red),0.00760346,0.000869014,0.233333333,0.092915732,0.750333333,0.100500415,0.304800587,0.082140565,0.103333333,0.058594653,5.447333333,2.052205237
P2A_PostISO,#2 (Mono - Tx Red),0.005134687,0.000823977,0.26025,0.076856468,0.34775,0.075764438,0.750419066,0.170593139,0.085,0.01,6.41,2.352001276
P2A_PostISO,#3 (Mono - Tx Red),0.008108872,0.00052198,0.255666667,0.015858752,0.341333333,0.049681485,0.758961852,0.088086255,0.102222222,0.024888641,5.517555556,3.410999967
P2A_PostISO,#4 (Mono - Tx Red),0.003811492,0.001511133,0.13,0.017888544,0.173333333,0.023380904,0.754398148,0.096298856,0.081666667,0.019407902,3.772833333,2.884021735
P2A_PostISO,#5 (Mono - Tx Red),0.009662084,0.000451581,0.2582,0.051828564,0.7266,0.058662595,0.352632168,0.049293343,0.114,0.035071356,4.6436,3.375108265
P2A_PostISO,#6 (Mono - Tx Red),0.005847193,0.001121797,0.590333333,0.043015501,0.704,0.015394804,0.838089551,0.048120856,0.13,0.055677644,5.014,3.027012388
P2A_PostISO,#7 (Mono - Tx Red),0.006545759,0.001125571,0.1725,0.012817399,0.22375,0.013024702,0.771513269,0.044808799,0.07625,0.01767767,4.78475,3.120562667
P2A_PostISO,#8 (Mono - Tx Red),0.008291633,0.001453335,0.307285714,0.064793812,0.769142857,0.042893001,0.397216199,0.062006928,0.098571429,0.018644545,4.494857143,2.834550019
P2A_PostISO,#9 (Mono - Tx Red),0.018808873,0.000273075,0.320333333,0.155885642,0.600333333,0.036473735,0.545512495,0.301583976,0.093333333,0.02081666,5.510666667,3.789490775
P2A_PostISO,#10 (Mono - Tx Red),0.007194366,0.001297525,0.2,0.028284271,0.285,0.06363961,0.708333333,0.058925565,0.145,0.007071068,4.013,3.58078874
P2A_PostISO001,#1 (Mono - Tx Red),0.007633273,0.001385129,0.261833333,0.036608287,0.874166667,0.186247595,0.307049298,0.046493702,0.088333333,0.027141604,4.698666667,3.111629777
P2A_PostISO001,#2 (Mono - Tx Red),0.005935301,0.000268384,0.2762,0.011497826,0.7108,0.102250672,0.395857641,0.065768685,0.1042,0.023199138,6.5992,2.565325749
P2A_PostISO001,#3 (Mono - Tx Red),0.012643991,0.001747147,0.2731,0.049469295,0.3373,0.049676845,0.808077484,0.073274719,0.117,0.036530049,4.6325,3.087454876
P2A_PostISO001,#4 (Mono - Tx Red),0.010119325,0.001230288,0.2784,0.024027068,0.4926,0.119194379,0.593829089,0.153733198,0.1122,0.033454447,5.8846,2.84303083
P2A_PostISO001,#5 (Mono - Tx Red),0.01102028,0.000502271,0.26275,0.01454795,0.673,0.077396936,0.393797729,0.03918288,0.091375,0.021599851,5.94825,2.702144902
P2A_PostISO001,#6 (Mono - Tx Red),0.003448594,0.001641862,0.256666667,0.09504385,0.493666667,0.127985676,0.513638969,0.110811128,0.073333333,0.015275252,4.31,2.091881689
P2A_PostISO001,#7 (Mono - Tx Red),0.005831994,0.0003353,0.3455,0.064346717,0.3755,0.064346717,0.918916001,0.013894778,0.16,0.084852814,4.4085,3.063893683
P2A_PostISO001,#8 (Mono - Tx Red),0.009006891,0.001551739,0.4405,0.073123184,0.76575,0.105846981,0.596199218,0.204028875,0.103,0.03144307,5.917,2.956885636
P2A_PostISO001,#9 (Mono - Tx Red),0.00647672,0.000963032,0.255857143,0.030057881,0.324571429,0.050225681,0.795081177,0.078720612,0.094285714,0.007867958,4.197571429,2.594980402
P2A_PostISO001,#10 (Mono - Tx Red),0.008948447,0.001372623,0.44025,0.267208252,0.98325,0.052538081,0.459147466,0.309354318,0.1475,0.005,4.4685,2.241080915
P2A_PostISO002,#1 (Mono - Tx Red),0.00513549,0.000481758,0.1925,0.051881275,0.2775,0.015,0.690563906,0.161329265,0.085,0.017320508,5.44925,3.707822036
P2A_PostISO002,#2 (Mono - Tx Red),0.010894843,0.000434198,0.237,0.015394804,0.310333333,0.01761628,0.763549835,0.015822314,0.103666667,0.021221059,4.943666667,1.996517551
P2A_PostISO002,#4 (Mono - Tx Red),0.017753367,0.0016096,0.364571429,0.044862223,0.844714286,0.030516194,0.433444947,0.067464409,0.174285714,0.013972763,5.405428571,3.104177661
P2A_PostISO002,#5 (Mono - Tx Red),0.00501437,0.00073177,0.224714286,0.029573154,0.286142857,0.03936762,0.78946555,0.083046768,0.091714286,0.034596311,4.101714286,3.331330301
P2A_PostISO002,#6 (Mono - Tx Red),0.005869005,0.000931007,0.20025,0.024226363,0.24525,0.034013478,0.818449022,0.035693195,0.08275,0.009844626,5.68925,3.110301419
P2A_PostISO002,#7 (Mono - Tx Red),0.015273164,0.000828225,0.3062,0.03212787,0.9506,0.033694213,0.321720766,0.025540451,0.164,0.011401754,7.1094,1.945530468
P2A_PostISO002,#8 (Mono - Tx Red),0.007262889,0.000303546,0.173333333,0.029439203,0.250333333,0.027789686,0.689770125,0.04979454,0.081666667,0.026394444,6.411666667,2.739442985
P2A_PostISO002,#9 (Mono - Tx Red),0.005693479,0.000574519,0.365,0.007071068,0.6055,0.020506097,0.602955625,0.008741864,0.1,0.014142136,8.2715,1.436133873
P2A_PostISO002,#10 (Mono - Tx Red),0.007571332,0.000255449,0.206375,0.030881976,0.269,0.018260027,0.765011497,0.084480972,0.083875,0.022235348,4.551,2.672885065
P2A_PostISO003,#1 (Mono - Tx Red),0.008930129,0.00374258,0.222444444,0.056267466,0.304777778,0.045411391,0.722510488,0.095870169,0.085666667,0.032733775,5.523111111,2.363112801
P2A_PostISO003,#2 (Mono - Tx Red),0.011135208,0.000747566,0.268571429,0.013451854,0.401428571,0.060395522,0.678064995,0.071635366,0.101428571,0.031320159,6.317428571,2.132215503
P2A_PostISO003,#3 (Mono - Tx Red),0.009140112,0.000531878,0.250142857,0.034256039,0.317285714,0.023767725,0.788865831,0.094190922,0.087142857,0.021380899,5.844428571,2.021975755
P2A_PostISO003,#4 (Mono - Tx Red),0.006875063,0.000470722,0.285,0.061373175,0.3525,0.055602758,0.803018099,0.063657469,0.1075,0.033040379,7.51575,1.396421946
P2A_PostISO003,#5 (Mono - Tx Red),0.010589306,0.003823648,0.318714286,0.076756573,0.384428571,0.059475085,0.819401841,0.076542163,0.111571429,0.035878764,5.271142857,2.61071468
P2A_PostISO003,#6 (Mono - Tx Red),0.007691496,0.004356011,0.5704,0.275100527,0.9186,0.104896616,0.604398658,0.208239794,0.1444,0.071633093,5.428,2.315492928
P2A_PostISO003,#7 (Mono - Tx Red),0.00752963,9.43472E-05,0.315,0.035355339,0.47,0.042426407,0.669545455,0.01478496,0.135,0.021213203,4.7935,5.038135816
P2A_PostISO003,#8 (Mono - Tx Red),0.010816005,0.000658792,0.251571429,0.026088677,0.328714286,0.014772884,0.765486238,0.07439766,0.09,0.023094011,5.062428571,2.655181215
P2A_PostISO003,#9 (Mono - Tx Red),0.007068105,0.000416348,0.2635,0.034197953,0.356833333,0.042049574,0.744297582,0.10606852,0.09,0.029664794,5.877833333,2.365948809
P2A_PostISO003,#10 (Mono - Tx Red),0.010043853,0.000643032,0.2562,0.015401299,0.3162,0.019929877,0.811620255,0.052242698,0.074,0.015165751,5.0118,1.863503609
P2A_PostISO004,#1 (Mono - Tx Red),0.011512724,0.007163577,0.417,0.14211615,0.627,0.123559702,0.674967867,0.214085493,0.103666667,0.039878984,4.216333333,1.527757943
P2A_PostISO004,#2 (Mono - Tx Red),0.010031765,0.000994259,0.268666667,0.032284155,0.342,0.043904442,0.788256255,0.066981218,0.101833333,0.029667603,6.988666667,2.766931272
P2A_PostISO004,#3 (Mono - Tx Red),0.006538689,0.000246313,0.265166667,0.020884604,0.395333333,0.041403704,0.676408088,0.085823838,0.085,0.016431677,6.6385,3.397226148
P2A_PostISO004,#4 (Mono - Tx Red),0.005681016,0.001669995,0.216625,0.046647424,0.332875,0.07562773,0.659188178,0.127154069,0.116375,0.048367455,5.598,2.878873242
P2A_PostISO004,#5 (Mono - Tx Red),0.006464116,0.001580807,0.244666667,0.047678612,0.302555556,0.0364764,0.802137414,0.086618696,0.096888889,0.02611247,6.406,2.787043954
P2A_PostISO004,#6 (Mono - Tx Red),0.008321593,0.000830157,0.33775,0.035780581,0.45525,0.02510478,0.740483399,0.037999992,0.11025,0.024904819,5.0865,2.427072654
P2A_PostISO004,#7 (Mono - Tx Red),0.004966128,0.002441558,0.2962,0.100484825,0.3282,0.089393512,0.891312508,0.054362808,0.1022,0.037738574,4.8816,2.945723646
P2A_PostISO004,#8 (Mono - Tx Red),0.00825801,0.000447947,0.26025,0.023547824,0.33025,0.048962814,0.79589689,0.076258671,0.085125,0.015994977,6.201,3.016544239
P2A_PostISO004,#9 (Mono - Tx Red),0.007315168,0.000832817,0.285,0.012909944,0.7455,0.101326206,0.387266353,0.051346656,0.1075,0.018929694,5.912,3.245113557
P2A_PostISO004,#10 (Mono - Tx Red),0.008904916,0.00086872,0.26275,0.028698142,0.31275,0.041835989,0.842120494,0.023882256,0.08775,0.009673848,4.78625,3.111431544
P2A_PostISO005,#1 (Mono - Tx Red),0.020428261,0.000400798,0.2884,0.018769656,0.4244,0.021593981,0.679831202,0.036162996,0.0802,0.015498387,5.5602,3.476554142
P2A_PostISO005,#2 (Mono - Tx Red),0.017754657,0.002005449,0.250666667,0.026652079,0.347333333,0.030664855,0.721013777,0.015870788,0.093666667,0.022810816,3.843,3.095481223
P2A_PostISO005,#3 (Mono - Tx Red),0.018479951,0.00136839,0.271833333,0.029600113,0.395333333,0.063358241,0.700757492,0.123221693,0.073333333,0.017511901,5.022166667,2.817137087
P2A_PostISO005,#4 (Mono - Tx Red),0.007374043,0.003215478,0.171714286,0.034548103,0.283285714,0.043526675,0.625388259,0.187512864,0.067285714,0.007409775,4.745,3.316014928
P2A_PostISO005,#5 (Mono - Tx Red),0.016803081,0.00057474,0.297,0.028872132,0.602333333,0.038759085,0.494342325,0.052159997,0.078666667,0.019551641,4.4985,2.43106633
P2A_PostISO005,#6 (Mono - Tx Red),0.012525888,0.000448601,0.2942,0.018525658,0.4386,0.032913523,0.673713083,0.066066541,0.074,0.011401754,5.2682,2.940382237
P2A_PostISO005,#7 (Mono - Tx Red),0.00896082,0.000303175,0.304428571,0.012804389,0.470428571,0.046478874,0.653043334,0.076892464,0.088571429,0.018644545,4.828,2.281542095
P2A_PostISO005,#8 (Mono - Tx Red),0.013178737,0.004809188,0.27275,0.065094986,0.3915,0.045800811,0.69790816,0.154043637,0.08625,0.030207615,5.133875,2.580943041
P2A_PostISO005,#9 (Mono - Tx Red),0.001317199,,0.09,,0.18,,0.5,,0.06,,2.542,
P2A_PostISO005,#10 (Mono - Tx Red),0.007819718,0.000629822,0.283833333,0.039025206,0.3605,0.044992222,0.787269104,0.0500464,0.085,0.020736441,4.109833333,3.066871658
P2A_PreISO,#1 (Mono - Tx Red),0.008819838,0.000677391,0.706,0.123524626,0.746,0.114695248,0.943340671,0.02820707,0.111428571,0.055205245,6.131714286,2.695277086
P2A_PreISO,#2 (Mono - Tx Red),0.001778102,0.000455369,0.775,0.007071068,0.83,0.028284271,0.934422658,0.040362086,0.08,0,3.5375,2.88004592
P2A_PreISO,#3 (Mono - Tx Red),0.008580715,0.002500571,0.303666667,0.064441834,0.380333333,0.0345,0.791599182,0.117589964,0.085666667,0.024423349,3.911888889,3.061234491
P2A_PreISO,#4 (Mono - Tx Red),0.004704984,0.000366924,0.808,0.087761039,0.833,0.087342239,0.96976377,0.007320926,0.0975,0.068495742,5.912,2.645754839
P2A_PreISO,#5 (Mono - Tx Red),0.003751792,0.000469498,0.71325,0.238831007,0.83325,0.066183457,0.845462479,0.248169282,0.11775,0.038819025,4.94125,3.683821962
P2A_PreISO,#6 (Mono - Tx Red),0.006994724,0.000346411,0.361833333,0.062547315,0.919166667,0.039851809,0.392143419,0.053691721,0.185166667,0.065422983,4.9155,2.891824666
P2A_PreISO,#7 (Mono - Tx Red),0.005830868,0.000421893,0.800714286,0.024226117,0.836428571,0.031186841,0.957559299,0.011983667,0.138714286,0.026985887,5.434142857,2.161070524
P2A_PreISO,#8 (Mono - Tx Red),0.010886017,0.000599315,0.354428571,0.033773052,0.537428571,0.138212225,0.687245457,0.129555994,0.082857143,0.017994708,5.272571429,3.239396696
P2A_PreISO,#9 (Mono - Tx Red),0.004139142,0.000350757,0.941,1.57009E-16,0.976,0.007071068,0.964164648,0.006985321,0.205,0.007071068,5.6045,4.246176221
P2A_PreISO,#10 (Mono - Tx Red),0.006480642,0.002386218,0.276833333,0.099640186,0.367,0.037008107,0.736398221,0.232943467,0.08,0.012649111,5.177333333,3.304790079
P2A_PreISO001,#1 (Mono - Tx Red),0.013285333,0.001076613,0.348,0.022256085,0.4155,0.020824665,0.837146949,0.01591718,0.09525,0.026650516,3.3,3.093824279
P2A_PreISO001,#2 (Mono - Tx Red),0.011815627,0.006014514,0.3082,0.117030765,0.6644,0.10232937,0.488363829,0.208338728,0.072,0.010954451,2.9942,1.934143402
P2A_PreISO001,#3 (Mono - Tx Red),0.012484774,0.001505856,0.344,0.051739733,0.424,0.05086256,0.810057431,0.041704406,0.087333333,0.015821926,4.840333333,3.77772555
P2A_PreISO001,#4 (Mono - Tx Red),0.005562114,0.003640764,0.273142857,0.09065765,0.334571429,0.083302375,0.805806824,0.096958221,0.098571429,0.034364988,5.248285714,3.443443031
P2A_PreISO001,#5 (Mono - Tx Red),0.004931273,0.003223742,0.580333333,0.177003766,0.663666667,0.185014414,0.869148423,0.055942416,0.07,0.01,8.299666667,1.671795841
P2A_PreISO001,#6 (Mono - Tx Red),0.018410908,0.004383583,0.3535,0.029146183,0.405166667,0.019083151,0.871536845,0.03507119,0.068333333,0.004082483,4.536666667,3.324668204
P2A_PreISO001,#7 (Mono - Tx Red),0.011348988,0.000452343,0.377,0.018373895,0.6825,0.071172326,0.5573986,0.065027261,0.0785,0.013019217,4.995666667,3.519877365
P2A_PreISO001,#8 (Mono - Tx Red),0.008129003,0.000338327,0.340333333,0.070216332,0.643666667,0.074096784,0.525206401,0.059005613,0.090333333,0.019502137,6.491333333,4.171372716
P2A_PreISO001,#9 (Mono - Tx Red),0.005012018,0.001007215,0.170285714,0.049466198,0.383571429,0.041584681,0.440371839,0.101139962,0.088857143,0.032023057,5.378571429,3.292889048
P2A_PreISO001,#10 (Mono - Tx Red),0.005346602,,0.81,,0.87,,0.931034483,,0.25,,5.594,
P2A_Pre_ISO002,#1 (Mono - Tx Red),0.012642888,0.00036192,0.377,0.011269428,0.607333333,0.063799164,0.625755493,0.073443691,0.103333333,0.028867513,6.021333333,3.824645125
P2A_Pre_ISO002,#2 (Mono - Tx Red),0.008432408,0.002356732,0.230111111,0.049245417,0.404666667,0.045888452,0.567042975,0.090391034,0.08,0.012247449,4.754666667,3.450374472
P2A_Pre_ISO002,#3 (Mono - Tx Red),0.012463931,0.001489655,0.4265,0.086984399,0.61925,0.093868829,0.689575877,0.089340359,0.08,0.022677868,5.753125,2.931013254
P2A_Pre_ISO002,#4 (Mono - Tx Red),0.019181987,0.001040826,0.348666667,0.025812142,0.417,0.030291913,0.836260646,0.018566753,0.166833333,0.033229003,4.154833333,3.563499371
P2A_Pre_ISO002,#5 (Mono - Tx Red),0.007451755,0.001987934,0.3585,0.035630044,0.450333333,0.039702225,0.804831052,0.130725005,0.11,0.029664794,5.3275,3.356594152
P2A_Pre_ISO002,#6 (Mono - Tx Red),0.013295837,0.000767553,0.39,0.03,0.48,0.01,0.813160371,0.071615581,0.106666667,0.046188022,2.878666667,2.502230472
P2A_Pre_ISO002,#7 (Mono - Tx Red),0.009153534,0.00075125,0.910777778,0.022476531,0.966333333,0.025114737,0.942669032,0.016730396,0.143555556,0.016614084,5.468555556,2.747036272
P2A_Pre_ISO002,#8 (Mono - Tx Red),0.016333556,0.001497126,0.373333333,0.019663842,0.7055,0.039246656,0.529720069,0.025096787,0.128333333,0.031251667,4.777,3.748312847
P2A_Pre_ISO002,#9 (Mono - Tx Red),0.014341885,0.000117067,0.303666667,0.020256686,0.474,0.015716234,0.640749059,0.039807872,0.103666667,0.037287174,3.686333333,3.6234404
P2A_Pre_ISO002,#10 (Mono - Tx Red),0.006382813,0.006832959,0.470666667,0.290465718,0.684,0.219310282,0.708851688,0.349390661,0.083333333,0.032145503,5.214,3.780032672
P2A_Pre_ISO003,#1 (Mono - Tx Red),0.007137771,0.000475966,0.573666667,0.133492821,0.717,0.121148669,0.794285114,0.072317877,0.07,1.30185E-16,4.316666667,4.393090067
P2A_Pre_ISO003,#2 (Mono - Tx Red),0.012680261,0.000279859,0.3755,0.017330128,0.498,0.029922121,0.754714577,0.023257354,0.08025,0.008180261,4.78125,3.289140149
P2A_Pre_ISO003,#3 (Mono - Tx Red),0.010684095,0.000747763,0.392,0.020189106,0.572166667,0.041315453,0.687214393,0.047269164,0.0835,0.021482551,4.436666667,2.174164361
P2A_Pre_ISO003,#4 (Mono - Tx Red),0.00976078,0.000300853,0.3822,0.021545301,0.7408,0.145877346,0.543244207,0.174612905,0.074,0.016733201,5.6766,2.772389096
P2A_Pre_ISO003,#5 (Mono - Tx Red),0.012173852,0.004507229,0.303090909,0.064201954,0.408636364,0.026314531,0.743338707,0.149109656,0.090181818,0.021821174,5.934545455,3.15820523
P2A_Pre_ISO003,#6 (Mono - Tx Red),0.00677701,0.000326662,0.301666667,0.065853372,0.475,0.052440442,0.633602619,0.114351282,0.08,0.016733201,5.512333333,2.921384307
P2A_Pre_ISO003,#7 (Mono - Tx Red),0.005511172,0.004753209,0.5455,0.218495995,0.6555,0.176069589,0.816891207,0.113907394,0.095,0.021213203,6.55,0.700035713
P2A_Pre_ISO003,#8 (Mono - Tx Red),0.007219628,0.000975995,0.4,0.028284271,0.5405,0.0417193,0.740241013,0.004806782,0.065,0.007071068,7.0705,1.436133873
P2A_Pre_ISO003,#10 (Mono - Tx Red),0.011376875,0.000525009,0.37525,0.017613915,0.44525,0.028814059,0.845334191,0.064079517,0.08525,0.020742469,4.228,2.236505459
P2A_Pre_ISO004,#1 (Mono - Tx Red),0.002181231,0.00064873,0.677333333,0.084559644,0.747666667,0.055075705,0.9042866,0.063382676,0.080333333,0.020502032,4.016666667,3.081620732
P2A_Pre_ISO004,#2 (Mono - Tx Red),0.002278226,0.000562097,0.21525,0.106380998,0.8155,0.056512535,0.262156554,0.122057064,0.085,0.025166115,7.02525,2.634687505
P2A_Pre_ISO004,#3 (Mono - Tx Red),0.008826989,0.000286781,0.380333333,0.020502032,0.454,0.032357379,0.838534599,0.023637893,0.103333333,0.015275252,5.954666667,3.194020246
P2A_Pre_ISO004,#4 (Mono - Tx Red),0.010578959,0.000225461,0.355,0.023804761,0.43025,0.035780581,0.826201526,0.02801351,0.1,0.029439203,5.747,3.41975272
P2A_Pre_ISO004,#5 (Mono - Tx Red),0.005871762,0.000119533,0.398,0.027604347,0.65075,0.138372384,0.630046946,0.129794645,0.08775,0.027932955,5.47425,3.128351789
P2A_Pre_ISO004,#6 (Mono - Tx Red),0.006143113,0.002598442,0.54325,0.138589021,0.681,0.054772256,0.789956418,0.147636657,0.08525,0.019585284,5.25175,2.770403987
P2A_Pre_ISO004,#7 (Mono - Tx Red),0.009598139,0.000213587,0.3782,0.013461055,0.5064,0.06351614,0.754674969,0.080897973,0.078,0.017888544,3.3386,1.578672639
P2A_Pre_ISO004,#8 (Mono - Tx Red),0.007240689,0.003146656,0.340166667,0.108849284,0.488666667,0.089388292,0.688659351,0.200612002,0.08,0.015491933,4.908666667,2.608714294
P2A_Pre_ISO004,#9 (Mono - Tx Red),0.00745155,0.000614651,0.326833333,0.031562108,0.430166667,0.01673818,0.760817087,0.082510945,0.0685,0.007842194,5.761,2.887311206
P2A_Pre_ISO004,#10 (Mono - Tx Red),0.00622043,0.001921012,0.43,0.173012524,0.66325,0.096334054,0.63184537,0.153141442,0.0725,0.012583057,5.577,2.194813128
P2A_Pre_ISO005,#1 (Mono - Tx Red),0.00790299,,0.39,,0.59,,0.661016949,,0.1,,8.216,
P2A_Pre_ISO005,#2 (Mono - Tx Red),0.007757917,0.004173674,0.48275,0.205953676,0.66575,0.131314825,0.702748915,0.165340127,0.085,0.025166115,5.5845,3.339142455
P2A_Pre_ISO005,#3 (Mono - Tx Red),0.002590609,0.001023354,0.748,0.139171357,0.768,0.132017676,0.972274732,0.014361919,0.0775,0.017078251,4.26575,2.213950974
P2A_Pre_ISO005,#4 (Mono - Tx Red),0.007181573,0.00071381,0.142,0.027748874,0.8304,0.058140347,0.170308562,0.025145618,0.07,0.017320508,6.641,2.59295941
P2A_Pre_ISO005,#5 (Mono - Tx Red),0.003995676,0.000835685,0.668,0.044294469,0.7455,0.043439613,0.89619495,0.033596584,0.11,0.024494897,3.953,3.196324869
P2A_Pre_ISO005,#6 (Mono - Tx Red),0.012926391,0.000467314,0.348875,0.013474182,0.42275,0.023119256,0.826332017,0.032347539,0.087625,0.014715759,4.91375,2.896602727
P2A_Pre_ISO005,#7 (Mono - Tx Red),0.00347779,,0.18,,0.47,,0.382978723,,0.07,,1.281,
P2A_Pre_ISO005,#8 (Mono - Tx Red),0.0050518,0.000650646,0.22025,0.070893784,0.356625,0.049759242,0.638604985,0.233757441,0.14775,0.053827104,5.20025,3.08559574
P2A_Pre_ISO005,#9 (Mono - Tx Red),0.003153888,9.57698E-05,0.225,0.190918831,0.811,0.084852814,0.266579119,0.207520151,0.085,0.035355339,7.0505,2.809335242
P2A_Pre_ISO005,#10 (Mono - Tx Red),0.006454749,0.000921752,0.166666667,0.02081666,0.403666667,0.006350853,0.413098135,0.054082929,0.1,0.01,5.647666667,3.520143368
SUPH222P_PostISO,#1 (Mono - Tx Red),0.015968636,0.000458944,0.3504,0.02864088,0.6006,0.055590467,0.584383645,0.027533293,0.09,0.023452079,5.9606,2.682910789
SUPH222P_PostISO,#2 (Mono - Tx Red),0.012656611,0.002080613,0.31,0.086794777,0.53025,0.141892859,0.582698222,0.028157284,0.0875,0.005,4.6435,2.47311632
SUPH222P_PostISO,#3 (Mono - Tx Red),0.013785581,0.000439347,0.521857143,0.088014068,0.752,0.067867518,0.697187812,0.120200024,0.085714286,0.017182494,5.364142857,2.989553279
SUPH222P_PostISO,#4 (Mono - Tx Red),0.013975466,0.001452294,0.3104,0.056703615,0.4786,0.121792036,0.665013939,0.115005607,0.0882,0.019266551,4.5076,1.956955876
SUPH222P_PostISO,#5 (Mono - Tx Red),0.017120413,0.002525502,0.369,0.021560546,0.6055,0.065139411,0.613332526,0.049667947,0.136375,0.032810876,5.372875,2.889568007
SUPH222P_PostISO,#6 (Mono - Tx Red),0.015518213,0.000190768,0.350166667,0.021169947,0.603833333,0.059690591,0.583016117,0.047323668,0.101666667,0.025625508,4.8555,3.054487633
SUPH222P_PostISO,#7 (Mono - Tx Red),0.00957795,0.000979383,0.3202,0.063601887,0.6062,0.102187083,0.52608138,0.035226341,0.0942,0.015270887,5.6422,3.317671879
SUPH222P_PostISO,#8 (Mono - Tx Red),0.015703178,0.000375184,0.345333333,0.020839066,0.642166667,0.06716373,0.540633735,0.038566137,0.09,0.016733201,3.899666667,1.82103725
SUPH222P_PostISO,#9 (Mono - Tx Red),0.011123279,0.000944168,0.218714286,0.071261758,0.644857143,0.054281453,0.343808331,0.128655524,0.085714286,0.020701967,4.412,2.132079267
SUPH222P_PostISO,#10 (Mono - Tx Red),0.010998766,0.005164061,0.4422,0.167836826,0.6682,0.072292462,0.651192346,0.17414635,0.112,0.023874673,4.4072,2.695259116
SUPH222P_PostISO001,#1 (Mono - Tx Red),0.010045515,0.001139846,0.248714286,0.042287564,0.307285714,0.054786599,0.811424492,0.034484669,0.08,0.015275252,5.206714286,3.297932772
SUPH222P_PostISO001,#2 (Mono - Tx Red),0.009793676,0.000285261,0.313666667,0.019704483,0.658833333,0.03468381,0.47608302,0.016303565,0.088333333,0.018348479,5.8345,2.631283242
SUPH222P_PostISO001,#3 (Mono - Tx Red),0.008612889,0.0001679,0.295166667,0.008256311,0.6335,0.019937402,0.466263888,0.017905538,0.078333333,0.017224014,4.990333333,2.939584438
SUPH222P_PostISO001,#4 (Mono - Tx Red),0.010775924,0.005175982,0.3922,0.1951133,0.6986,0.076343304,0.545346124,0.195180757,0.088,0.0083666,5.094,2.672810319
SUPH222P_PostISO001,#5 (Mono - Tx Red),0.014142144,0.000594401,0.30525,0.060029854,0.6055,0.157882868,0.514570922,0.05969679,0.095,0.019148542,4.20575,2.61215012
SUPH222P_PostISO001,#6 (Mono - Tx Red),0.008992317,0.000324503,0.3344,0.017213367,0.7866,0.058449123,0.425944296,0.018620873,0.108,0.019235384,7.3956,2.284751146
SUPH222P_PostISO001,#7 (Mono - Tx Red),0.009332964,0.001152294,0.252,0.037517996,0.327,0.038543482,0.77180064,0.080368848,0.08,0.010954451,5.144,3.647496127
SUPH222P_PostISO001,#8 (Mono - Tx Red),0.010146782,0.00038283,0.3164,0.030484422,0.6026,0.13866254,0.555190259,0.173764939,0.108,0.023874673,5.4002,2.963950523
SUPH222P_PostISO001,#9 (Mono - Tx Red),0.013208624,0.002107049,0.262875,0.044072789,0.326625,0.056279754,0.80712377,0.050631328,0.095125,0.023515572,6.727625,2.176335185
SUPH222P_PostISO001,#10 (Mono - Tx Red),0.010973811,0.000382155,0.311833333,0.066303595,0.652166667,0.04430538,0.475570271,0.082729955,0.105,0.038340579,5.349166667,3.321816576
SUPH222P_PostISO002,#1 (Mono - Tx Red),0.012593228,0.000696327,0.270333333,0.018980692,0.345333333,0.026043553,0.784341838,0.048512326,0.078333333,0.018348479,4.917,2.160770233
SUPH222P_PostISO002,#2 (Mono - Tx Red),0.017095019,0.000773671,0.306833333,0.010400321,0.762166667,0.028617594,0.403207639,0.023814653,0.09,0.008944272,4.7535,2.76222814
SUPH222P_PostISO002,#3 (Mono - Tx Red),0.007716425,0.004332966,0.41,0.207042669,0.773,0.106248137,0.540286434,0.291039833,0.08,0.016329932,6.84275,3.617145502
SUPH222P_PostISO002,#4 (Mono - Tx Red),0.013202348,0.001062237,0.297,0.016297239,0.707333333,0.085488401,0.42269986,0.030369076,0.071833333,0.011669047,5.8795,2.802906474
SUPH222P_PostISO002,#5 (Mono - Tx Red),0.01686629,0.000761852,0.318666667,0.034384105,0.760666667,0.103326021,0.423992929,0.063353024,0.105,0.03391165,6.071333333,1.885985861
SUPH222P_PostISO002,#6 (Mono - Tx Red),0.009665621,0.001447601,0.266,0.016733201,0.33,0.023452079,0.806790478,0.025499817,0.078,0.0083666,5.448,2.785752861
SUPH222P_PostISO002,#7 (Mono - Tx Red),0.008820493,0.000389374,0.271833333,0.015879757,0.3435,0.023355941,0.792204499,0.030070773,0.085,0.018708287,3.816166667,3.365215441
SUPH222P_PostISO002,#8 (Mono - Tx Red),0.011821833,0.000274609,0.325,0.005773503,0.6675,0.041932485,0.488435195,0.03358237,0.095,0.017320508,4.986,2.899851605
SUPH222P_PostISO002,#9 (Mono - Tx Red),0.014235464,0.001712914,0.352,0.03291808,0.719,0.029113571,0.490340702,0.050288906,0.11,0.025298221,5.032166667,2.886934805
SUPH222P_PostISO002,#10 (Mono - Tx Red),0.012092613,0.000517594,0.221333333,0.028253318,0.295777778,0.028986108,0.746874121,0.035271916,0.093333333,0.026457513,5.111666667,2.731572899
SUPH222P_PostISO003,#1 (Mono - Tx Red),0.0161517,0.00094673,0.2804,0.01898157,0.6766,0.019654516,0.41437388,0.023958074,0.0904,0.010014989,3.959,2.070245758
SUPH222P_PostISO003,#2 (Mono - Tx Red),0.01176618,0.001057788,0.246666667,0.012110601,0.3435,0.042349734,0.724827363,0.070807858,0.09,0.014142136,4.5285,3.079881475
SUPH222P_PostISO003,#3 (Mono - Tx Red),0.019058589,0.001453984,0.241222222,0.021117397,0.311333333,0.042523523,0.78043557,0.055810077,0.075666667,0.016926311,5.372888889,2.751447912
SUPH222P_PostISO003,#4 (Mono - Tx Red),0.016484997,0.001855253,0.265125,0.041180569,0.339125,0.055519462,0.784799481,0.055103932,0.092625,0.037427788,4.105625,2.83285817
SUPH222P_PostISO003,#5 (Mono - Tx Red),0.012108643,0.000536008,0.24,0.024494897,0.29375,0.041726148,0.820963,0.040708128,0.08,0.02,4.21425,2.972934181
SUPH222P_PostISO003,#6 (Mono - Tx Red),0.010333871,0.001457649,0.25,0.032863353,0.325333333,0.063136888,0.77696405,0.066111973,0.088333333,0.031251667,4.662,3.351668659
SUPH222P_PostISO003,#7 (Mono - Tx Red),0.013637555,0.001173092,0.253,0.022941956,0.337428571,0.054184429,0.759239666,0.076295399,0.078714286,0.01465963,4.477714286,3.509097401
SUPH222P_PostISO003,#8 (Mono - Tx Red),0.020311358,0.00124663,0.274714286,0.030406766,0.378857143,0.04931676,0.727800091,0.037851295,0.097428571,0.019814617,5.304,2.999201783
SUPH222P_PostISO003,#9 (Mono - Tx Red),0.016882405,0.000651101,0.3724,0.137743602,0.7286,0.055886492,0.509840061,0.185323747,0.096,0.035071356,4.0592,2.308341548
SUPH222P_PostISO003,#10 (Mono - Tx Red),0.009922506,0.000821002,0.2435,0.008093207,0.318666667,0.014361987,0.765369543,0.041412786,0.0835,0.015016657,3.329166667,2.783111095
SUPH222P_PostISO004,#1 (Mono - Tx Red),0.011002284,0.000538737,0.193444444,0.027509594,0.279,0.022671568,0.691090884,0.050805137,0.091222222,0.020998677,5.078222222,3.211694404
SUPH222P_PostISO004,#2 (Mono - Tx Red),0.013758934,0.000497171,0.276833333,0.026003205,0.386833333,0.039448278,0.717669648,0.050394885,0.101833333,0.021544528,5.967833333,2.594732003
SUPH222P_PostISO004,#3 (Mono - Tx Red),0.011843845,0.000756514,0.23025,0.016337584,0.28275,0.012257651,0.814290107,0.044717899,0.0775,0.017078251,5.727,4.308990678
SUPH222P_PostISO004,#4 (Mono - Tx Red),0.014111091,0.003052511,0.290375,0.040074707,0.718,0.152985527,0.414203458,0.067377924,0.12875,0.043239367,5.472875,2.724896823
SUPH222P_PostISO004,#5 (Mono - Tx Red),0.010726094,0.003132946,0.266545455,0.050210285,0.338545455,0.039699782,0.786279252,0.086893196,0.084545455,0.012933396,5.483363636,2.876710666
SUPH222P_PostISO004,#6 (Mono - Tx Red),0.011082546,0.000299059,0.142857143,0.016035675,0.207142857,0.013801311,0.688465234,0.042302921,0.071428571,0.013451854,5.762857143,3.25257203
SUPH222P_PostISO004,#7 (Mono - Tx Red),0.010335677,0.000203901,0.230333333,0.022096757,0.3105,0.034238867,0.750104933,0.114542492,0.080166667,0.012496666,4.934,2.669930336
SUPH222P_PostISO004,#8 (Mono - Tx Red),0.004100852,0.000586054,0.533666667,0.046479386,0.553666667,0.047437678,0.963879803,0.017002468,0.08,0.01,6.555,1.997018778
SUPH222P_PostISO004,#9 (Mono - Tx Red),0.008428852,0.004600217,0.493,0.193033676,0.6555,0.05893782,0.73908976,0.234206686,0.1,0.024494897,5.169,3.863896393
SUPH222P_PostISO004,#10 (Mono - Tx Red),0.00923982,0.000737967,0.268857143,0.024058461,0.695,0.040062451,0.387085923,0.030044729,0.078714286,0.016580252,5.244142857,3.030747126
SUPH222P_PostISO005,#1 (Mono - Tx Red),0.013778211,0.004741186,0.211571429,0.041319314,0.277428571,0.021196361,0.758240964,0.093967208,0.08,0.012793227,6.106285714,2.788990123
SUPH222P_PostISO005,#2 (Mono - Tx Red),0.017592994,0.001262788,0.244,0.017784423,0.29775,0.024440891,0.820706475,0.037992732,0.077625,0.019182861,5.043875,2.914513311
SUPH222P_PostISO005,#3 (Mono - Tx Red),0.019267027,0.00179012,0.238454545,0.045909397,0.339363636,0.041059159,0.704610592,0.124380297,0.100090909,0.027965888,4.543454545,2.395874678
SUPH222P_PostISO005,#4 (Mono - Tx Red),0.002350084,0.000366497,0.1925,0.060759087,0.32525,0.012526638,0.591254689,0.187220102,0.0925,0.018929694,5.189,2.755629995
SUPH222P_PostISO005,#5 (Mono - Tx Red),0.009698087,0.000207951,0.286833333,0.023155273,0.660333333,0.038422216,0.433937666,0.011918561,0.093333333,0.018618987,5.519166667,3.318414406
SUPH222P_PostISO005,#6 (Mono - Tx Red),0.01651713,0.000793311,0.235,0.013784049,0.281666667,0.013291601,0.834245926,0.027802241,0.076666667,0.008164966,5.168833333,3.187192082
SUPH222P_PostISO005,#7 (Mono - Tx Red),0.009286331,0.000667415,0.2322,0.023112767,0.2842,0.032912004,0.820114763,0.05861599,0.0862,0.022297982,4.1932,3.970309774
SUPH222P_PostISO005,#8 (Mono - Tx Red),0.015240561,0.001224661,0.233875,0.010561892,0.305125,0.034165302,0.772835886,0.070029701,0.08,0.017728105,4.045625,3.127189653
SUPH222P_PostISO005,#9 (Mono - Tx Red),0.013925176,0.000357586,0.251375,0.01447103,0.328875,0.021081051,0.765514047,0.039215596,0.08125,0.017268882,4.94875,2.898928164
SUPH222P_PostISO005,#10 (Mono - Tx Red),0.011320354,0.000113396,0.316833333,0.054664126,0.7155,0.068762635,0.441167692,0.054362924,0.130166667,0.029328598,4.748666667,3.078483306
SUPH222P_PostISO006,#1 (Mono - Tx Red),0.015231361,0.001150399,0.270428571,0.028814679,0.410571429,0.095482733,0.680556399,0.124774835,0.098571429,0.024102954,6.828285714,2.820261673
SUPH222P_PostISO006,#2 (Mono - Tx Red),0.008040786,0.000987263,0.245888889,0.027728345,0.319333333,0.045716518,0.776388211,0.072621917,0.086666667,0.015,5.034,3.149257174
SUPH222P_PostISO006,#3 (Mono - Tx Red),0.01135915,0.001178909,0.25025,0.020147669,0.32025,0.035859846,0.784967129,0.05000953,0.085,0.02,6.11975,3.237687479
SUPH222P_PostISO006,#4 (Mono - Tx Red),0.01352371,0.004045141,0.336888889,0.135754783,0.706222222,0.133040199,0.480170601,0.156407469,0.093333333,0.025980762,5.614444444,3.570774185
SUPH222P_PostISO006,#5 (Mono - Tx Red),0.011993556,0.000558791,0.111428571,0.01069045,0.134285714,0.015118579,0.832554945,0.055994687,0.071428571,0.01069045,4.859428571,2.564177377
SUPH222P_PostISO006,#6 (Mono - Tx Red),0.01165444,0.000862571,0.2571,0.03265459,0.3181,0.050535906,0.813171889,0.050700563,0.094,0.018378732,5.4571,2.612123804
SUPH222P_PostISO006,#7 (Mono - Tx Red),0.007589253,0.003467606,0.2242,0.065446161,0.3164,0.042945314,0.696064208,0.146573125,0.078,0.013038405,6.1848,3.41219888
SUPH222P_PostISO006,#8 (Mono - Tx Red),0.013507296,0.001532265,0.836875,0.0566277,0.93325,0.052483331,0.896275057,0.019533568,0.193875,0.020910951,5.294125,2.898559072
SUPH222P_PostISO006,#9 (Mono - Tx Red),0.016412288,0.002123577,0.242,0.026974062,0.303666667,0.051032016,0.802769664,0.045030924,0.095,0.012247449,7.420666667,2.063940955
SUPH222P_PostISO006,#10 (Mono - Tx Red),0.018098155,0.002228597,0.307285714,0.026170685,0.647571429,0.031309515,0.474373485,0.030049502,0.088571429,0.008997354,5.377,2.562819541
SUPH222P_PreISO,#1 (Mono - Tx Red),0.016486178,0.000858993,0.59,0.173925271,0.8948,0.005674504,0.659209167,0.193451952,0.214,0.056833089,5.7066,3.562264701
SUPH222P_PreISO,#2 (Mono - Tx Red),0.007414496,0.002255119,0.790666667,0.051384174,0.840333333,0.043821608,0.941386205,0.050292713,0.156666667,0.005773503,6.925,4.376223486
SUPH222P_PreISO,#3 (Mono - Tx Red),0.020782846,0.001378533,0.730428571,0.081160042,0.843571429,0.080390416,0.864594487,0.022977397,0.224428571,0.080874094,6.781,2.403995702
SUPH222P_PreISO,#4 (Mono - Tx Red),0.028166664,0.000846825,0.304571429,0.021508581,0.461714286,0.038430519,0.660911914,0.033071078,0.091428571,0.027945525,6.922285714,2.154182886
SUPH222P_PreISO,#5 (Mono - Tx Red),0.010876011,0.000505961,0.72175,0.014829989,0.805625,0.029061204,0.896558575,0.026044191,0.16375,0.023867192,5.678125,2.824787347
SUPH222P_PreISO,#6 (Mono - Tx Red),0.010729049,,0.271,,0.471,,0.57537155,,0.061,,1.071,
SUPH222P_PreISO,#7 (Mono - Tx Red),0.009629938,0.000857766,0.6964,0.103437421,0.7444,0.112077206,0.935958177,0.013421215,0.152,0.084675853,4.8936,3.396707494
SUPH222P_PreISO,#8 (Mono - Tx Red),0.011331024,0.000849223,0.43775,0.084064955,0.50025,0.082746098,0.872517741,0.022665796,0.0925,0.023629078,4.6635,3.105055931
SUPH222P_PreISO,#9 (Mono - Tx Red),0.011280737,0.012733108,0.613666667,0.15575729,0.761,0.207846097,0.811589372,0.054102562,0.103333333,0.02081666,5.744666667,3.476831364
SUPH222P_PreISO,#10 (Mono - Tx Red),0.041038125,0.007778839,0.4905,0.055199638,0.603,0.015340578,0.812084069,0.073072458,0.11525,0.032816408,5.08625,3.654235111
SUPH222P_PreISO001,#1 (Mono - Tx Red),0.01726869,0.006014254,0.367111111,0.103143643,0.460444444,0.066990878,0.782171811,0.182678059,0.085777778,0.020498645,4.342222222,2.890224419
SUPH222P_PreISO001,#2 (Mono - Tx Red),0.009147774,0.006580869,0.292,0.070851958,0.6004,0.171538042,0.538864323,0.235461245,0.082,0.016431677,3.2184,2.538701105
SUPH222P_PreISO001,#3 (Mono - Tx Red),0.016435111,0.001111127,0.386,0.034205263,0.593777778,0.135801121,0.67529583,0.138892073,0.069,0.009165151,4.541111111,2.772915543
SUPH222P_PreISO001,#4 (Mono - Tx Red),0.019257993,0.001699365,0.3855,0.044725086,0.483,0.026745716,0.796495361,0.052160374,0.08525,0.0055,5.932,3.787154341
SUPH222P_PreISO001,#5 (Mono - Tx Red),0.013252416,0.000820048,0.38275,0.048341666,0.49775,0.055077975,0.772095068,0.091629909,0.0975,0.009574271,3.4375,3.506011076
SUPH222P_PreISO001,#6 (Mono - Tx Red),0.010023594,0.000252451,0.40025,0.01789553,0.51525,0.06544909,0.786654006,0.108952364,0.10775,0.026462237,6.40225,3.531732849
SUPH222P_PreISO001,#7 (Mono - Tx Red),0.011373042,0.000780722,0.346666667,0.047258156,0.486666667,0.117189306,0.723387097,0.068889096,0.113333333,0.046188022,3.419,4.289074143
SUPH222P_PreISO001,#8 (Mono - Tx Red),0.012787634,0.00868419,0.5,0.200748599,0.59,0.155241747,0.832803901,0.133818884,0.07,3.71604E-16,3.482333333,4.328287229
SUPH222P_PreISO001,#9 (Mono - Tx Red),0.007175551,0.005530297,0.6686,0.122201882,0.7206,0.112961498,0.925000013,0.030877028,0.088,0.034205263,4.8398,2.412425481
SUPH222P_PreISO001,#10 (Mono - Tx Red),0.009951063,0.000206816,0.4104,0.016288032,0.4904,0.050003,0.842319271,0.07195033,0.1042,0.018253767,4.2212,3.651191477
SUPH222P_PreISO002,#1 (Mono - Tx Red),0.014904568,0.000545338,0.42,0.014142136,0.4775,0.012583057,0.879487393,0.011394817,0.11,0.021602469,6.44725,2.215667601
SUPH222P_PreISO002,#2 (Mono - Tx Red),0.018976167,0.000757537,0.395,0.01,0.4675,0.017078251,0.845591551,0.032359831,0.085,0.005773503,6.1495,3.284321391
SUPH222P_PreISO002,#3 (Mono - Tx Red),0.018992586,0.000559549,0.376666667,0.005773503,0.436666667,0.011547005,0.86287683,0.019748996,0.09,2.57395E-16,4.756666667,3.889875362
SUPH222P_PreISO002,#4 (Mono - Tx Red),0.020232921,0.000429801,0.43775,0.017519037,0.568,0.017568912,0.770918636,0.029336754,0.1125,0.015,3.1575,1.98272918
SUPH222P_PreISO002,#5 (Mono - Tx Red),0.015540138,,0.39,,0.45,,0.866666667,,0.09,,1.921,
SUPH222P_PreISO002,#6 (Mono - Tx Red),0.009905191,0.00429077,0.350166667,0.033825533,0.4135,0.035404802,0.847028805,0.040563696,0.100166667,0.028568631,6.658333333,1.775042722
SUPH222P_PreISO002,#7 (Mono - Tx Red),0.013630873,0.000398552,0.3942,0.030873937,0.4582,0.038745322,0.860671232,0.009318195,0.092,0.033466401,6.0004,1.929701091
SUPH222P_PreISO002,#8 (Mono - Tx Red),0.01150215,0.000570678,0.328,0.092574294,0.6486,0.11995124,0.504202488,0.090419054,0.088,0.027748874,5.6324,3.003081134
SUPH222P_PreISO002,#9 (Mono - Tx Red),0.019483227,0.004927665,0.304777778,0.018899588,0.351555556,0.012952906,0.866347518,0.02777788,0.118,0.039284221,5.470888889,2.830601767
SUPH222P_PreISO002,#10 (Mono - Tx Red),0.013302485,0.000657667,0.3555,0.007778175,0.4305,0.014849242,0.825963719,0.010422209,0.1455,0.02192031,4.6785,2.130512732
SUPH222P_PreISO003,#1 (Mono - Tx Red),0.012859979,0.00107744,0.417,0.029444864,0.670666667,0.026652079,0.623151451,0.062851113,0.096666667,0.032145503,3.956333333,3.951975498
SUPH222P_PreISO003,#2 (Mono - Tx Red),0.02320432,0.008823282,0.34275,0.098460652,0.45025,0.041544296,0.749031266,0.194215233,0.155125,0.041766143,5.166375,3.12035277
SUPH222P_PreISO003,#3 (Mono - Tx Red),0.010531397,0.000264762,0.40775,0.0245,0.57025,0.083707327,0.722718135,0.074014995,0.095,0.019148542,5.16125,3.311258811
SUPH222P_PreISO003,#4 (Mono - Tx Red),0.018997439,0.00378271,0.4044,0.11075333,0.6144,0.089923857,0.648034971,0.120011267,0.118,0.067970582,5.0658,2.497520611
SUPH222P_PreISO003,#5 (Mono - Tx Red),0.013968265,0.000742114,0.398,0.072249567,0.544,0.127003937,0.74304714,0.110726544,0.114,0.048270074,6.4086,2.70619166
SUPH222P_PreISO003,#6 (Mono - Tx Red),0.018979668,0.001496123,0.453666667,0.011846237,0.687,0.020420578,0.661074392,0.03620279,0.170333333,0.029501412,5.977666667,2.253413485
SUPH222P_PreISO003,#7 (Mono - Tx Red),0.00898834,0.000222734,0.3882,0.04296743,0.4882,0.048022911,0.796412523,0.068077552,0.088,0.024899799,6.1406,2.658362334
SUPH222P_PreISO003,#8 (Mono - Tx Red),0.009675665,0.004418705,0.483333333,0.075055535,0.637,0.149823229,0.769395644,0.093292772,0.063333333,0.005773503,6.238,3.813893417
SUPH222P_PreISO003,#9 (Mono - Tx Red),0.009235816,0.001948622,0.40025,0.100831129,0.653,0.07184706,0.618416218,0.181002378,0.1025,0.046457866,6.90775,2.7547062
SUPH222P_PreISO003,#10 (Mono - Tx Red),0.013002082,0.001165764,0.4422,0.106837259,0.6046,0.135237938,0.73084807,0.051246041,0.1,0.03082207,4.7318,2.44468049
SUPH222P_PreISO004,#1 (Mono - Tx Red),0.005638986,0.000839715,0.81825,0.158167369,0.85575,0.169401643,0.956709965,0.014253877,0.11775,0.045463355,3.773,1.395313824
SUPH222P_PreISO004,#2 (Mono - Tx Red),0.003537662,,1.741,,1.771,,0.983060418,,0.07,,8.346,
SUPH222P_PreISO004,#3 (Mono - Tx Red),0.019695022,0.00619597,0.476,0.007071068,0.596,0.021213203,0.79895265,0.016572613,0.1155,0.064346717,6.9605,0.757311363
SUPH222P_PreISO004,#4 (Mono - Tx Red),0.017268985,0.000674748,0.3726,0.008203658,0.4406,0.015662056,0.846118768,0.020053377,0.0782,0.013084342,5.8846,2.799341762
SUPH222P_PreISO004,#5 (Mono - Tx Red),0.037099173,0.000661055,0.3755,0.031628047,0.44825,0.035169826,0.837420826,0.008541097,0.09,0.018257419,3.458,2.747061096
SUPH222P_PreISO004,#6 (Mono - Tx Red),0.007994103,0.004803786,0.436666667,0.165025251,0.523333333,0.133166562,0.817666273,0.098647558,0.11,0.043588989,6.388,2.667588986
SUPH222P_PreISO004,#7 (Mono - Tx Red),0.006741276,0.002735567,0.35,0.083186537,0.460166667,0.069743578,0.755027483,0.13112896,0.08,0.016733201,5.0805,3.166488639
SUPH222P_PreISO004,#8 (Mono - Tx Red),0.027881194,0.006468542,0.602142857,0.151488645,0.703571429,0.142779384,0.849773966,0.039023652,0.153142857,0.103225366,5.132571429,2.966586526
SUPH222P_PreISO004,#9 (Mono - Tx Red),0.013341445,0.00076235,0.336888889,0.025726661,0.876333333,0.081060163,0.386844163,0.039656568,0.190222222,0.033543918,5.274111111,2.825883775
SUPH222P_PreISO004,#10 (Mono - Tx Red),0.018791833,0.001573476,0.474666667,0.032144206,0.951666667,0.091528684,0.500857935,0.035096365,0.281222222,0.016153775,5.195,2.822603497
SUPH222P_PreISO005,#1 (Mono - Tx Red),0.011861516,0.001295328,0.388,0.025729361,0.5655,0.076683332,0.69123978,0.052901676,0.09025,0.022808989,4.6385,3.138083332
SUPH222P_PreISO005,#2 (Mono - Tx Red),0.013630996,0.000154614,0.3886,0.017558474,0.5106,0.023351659,0.762042963,0.043512118,0.092,0.016431677,4.8618,4.300415178
SUPH222P_PreISO005,#3 (Mono - Tx Red),0.013033946,0.000615594,0.3986,0.032454584,0.4948,0.023920702,0.804527208,0.027769105,0.1046,0.028271894,5.02,2.67912859
SUPH222P_PreISO005,#4 (Mono - Tx Red),0.014877783,0.000385061,0.4404,0.04347758,0.6526,0.03784574,0.674387053,0.048067237,0.1282,0.045179641,5.228,3.647013573
SUPH222P_PreISO005,#5 (Mono - Tx Red),0.012739508,0.000337215,0.376666667,0.015275252,0.62,0.045825757,0.608794714,0.029289041,0.076666667,0.011547005,3.972666667,2.784019456
SUPH222P_PreISO005,#6 (Mono - Tx Red),0.01288981,0.000207668,0.37525,0.019414342,0.65075,0.058025138,0.578288019,0.028235233,0.1025,0.009574271,4.78625,2.70603466
SUPH222P_PreISO005,#7 (Mono - Tx Red),0.011971027,0.000204135,0.394,0.020420578,0.547333333,0.011846237,0.720599432,0.052124608,0.107,0.015716234,5.954666667,4.422906322
SUPH222P_PreISO005,#8 (Mono - Tx Red),0.012265848,0.000365719,0.37275,0.01414971,0.553,0.064444882,0.680589857,0.067532052,0.086375,0.020269171,6.4575,2.489950602
SUPH222P_PreISO005,#9 (Mono - Tx Red),0.012912871,0.000404594,0.3902,0.037218275,0.5584,0.068281037,0.709924078,0.127757742,0.0982,0.033484325,6.3448,3.766879305
SUPH222P_PreISO005,#10 (Mono - Tx Red),0.010805207,0.001892628,0.3655,0.021142375,0.498,0.095334499,0.747051409,0.09550052,0.08025,0.011842719,5.104,2.706647003
SUPR541C_PostISO,#1 (Mono - Tx Red),0.008188664,0.000446574,0.255727273,0.017326805,0.333090909,0.025610367,0.769204365,0.040743478,0.084636364,0.019556445,5.388727273,3.161737057
SUPR541C_PostISO,#2 (Mono - Tx Red),0.006724747,0.000374342,0.257666667,0.023925389,0.351083333,0.030967603,0.736119224,0.063630464,0.083333333,0.017752507,5.393333333,2.639066031
SUPR541C_PostISO,#3 (Mono - Tx Red),0.008845895,0.000516512,0.278071429,0.013730731,0.414642857,0.068141941,0.686684802,0.110396597,0.088642857,0.019444624,4.572071429,2.802764747
SUPR541C_PostISO,#4 (Mono - Tx Red),0.012190012,0.000628603,0.263533333,0.070232132,0.3676,0.070810411,0.708492744,0.069016322,0.138066667,0.064887228,4.228533333,2.39898624
SUPR541C_PostISO,#5 (Mono - Tx Red),0.006119779,0.000455307,0.214769231,0.032769788,0.334846154,0.037636078,0.645245697,0.099102678,0.077769231,0.023123415,5.013,2.38362095
SUPR541C_PostISO,#6 (Mono - Tx Red),0.010079166,0.000554236,0.2482,0.027404901,0.3368,0.03791758,0.738517403,0.051982562,0.088066667,0.019684899,4.6888,2.666838931
SUPR541C_PostISO,#7 (Mono - Tx Red),0.015479177,0.000925909,0.292818182,0.039992045,0.371,0.052048055,0.790512751,0.042852523,0.112727273,0.034085454,5.037454545,2.581257188
SUPR541C_PostISO,#8 (Mono - Tx Red),0.010217622,0.000226386,0.285,0.007071068,0.5,0,0.57,0.014142136,0.08,0.014142136,4.338,2.129805625
SUPR541C_PostISO,#9 (Mono - Tx Red),0.013923307,0.002222637,0.323909091,0.026296215,0.417545455,0.04444854,0.778090719,0.028342556,0.170090909,0.033587065,3.790181818,2.168509664
SUPR541C_PostISO,#10 (Mono - Tx Red),0.009766852,0.000637674,0.278714286,0.021868656,0.360142857,0.054712669,0.781779812,0.069773444,0.108571429,0.026095064,5.348285714,3.741266796
SUPR541C_PostISO001,#1 (Mono - Tx Red),0.012761462,0.000784542,0.26275,0.025860892,0.3415,0.049919936,0.776366446,0.068176568,0.1,0.022038927,5.132625,3.024095045
SUPR541C_PostISO001,#2 (Mono - Tx Red),0.003227037,0.00046721,0.1375,0.041932485,0.1975,0.029860788,0.698299758,0.182847122,0.0825,0.009574271,4.24575,3.402926718
SUPR541C_PostISO001,#3 (Mono - Tx Red),0.006791739,0.00044902,0.239181818,0.038901975,0.341,0.05680669,0.703555393,0.079611381,0.092727273,0.024936282,4.971818182,2.633061823
SUPR541C_PostISO001,#4 (Mono - Tx Red),0.008165145,0.000530534,0.261333333,0.013901439,0.340222222,0.027480801,0.770887831,0.051295126,0.096666667,0.021213203,4.268777778,2.536025226
SUPR541C_PostISO001,#5 (Mono - Tx Red),0.007731072,0.000458983,0.251625,0.021050534,0.330375,0.044242635,0.769404434,0.082501124,0.08625,0.02445842,4.712375,2.426018604
SUPR541C_PostISO001,#6 (Mono - Tx Red),0.009463868,0.000586791,0.2162,0.005674504,0.2582,0.008729261,0.837561169,0.012711615,0.076,0.008944272,4.2592,2.38965169
SUPR541C_PostISO001,#7 (Mono - Tx Red),0.009253959,0.00044805,0.272166667,0.022157768,0.760833333,0.047456998,0.358526941,0.032460424,0.088333333,0.026394444,4.663666667,2.859221689
SUPR541C_PostISO001,#8 (Mono - Tx Red),0.01023077,0.000857561,0.256142857,0.015910464,0.324714286,0.034076944,0.795112369,0.083365483,0.094428571,0.017047553,4.286285714,2.34923333
SUPR541C_PostISO001,#9 (Mono - Tx Red),0.008626798,0.000544294,0.238714286,0.023977172,0.298714286,0.016879122,0.799169031,0.065385943,0.087142857,0.017043362,5.578428571,2.173099925
SUPR541C_PostISO001,#10 (Mono - Tx Red),0.014469993,0.000657126,0.2573,0.022085943,0.3383,0.029465799,0.762726868,0.059017586,0.094,0.019550504,4.4064,2.86325511
SUPR541C_PostISO002,#1 (Mono - Tx Red),0.012225716,0.000339346,0.2542,0.005761944,0.7506,0.033916073,0.33911826,0.014715974,0.102,0.013038405,4.2612,3.494393681
SUPR541C_PostISO002,#2 (Mono - Tx Red),0.00870702,,0.23,,0.49,,0.469387755,,0.08,,2.982,
SUPR541C_PostISO002,#3 (Mono - Tx Red),0.007532622,0.000741939,0.216545455,0.020568732,0.277454545,0.022827017,0.781166397,0.052291087,0.088363636,0.024884826,4.822727273,2.957537053
SUPR541C_PostISO002,#4 (Mono - Tx Red),0.004344218,,0.611,,0.681,,0.897209985,,0.08,,7.446,
SUPR541C_PostISO002,#5 (Mono - Tx Red),0.012448621,0.00470121,0.364,0.187962762,0.6924,0.018928814,0.521336329,0.252437015,0.118,0.016431677,3.3826,2.414293541
SUPR541C_PostISO002,#6 (Mono - Tx Red),0.007003972,0.000552825,0.220272727,0.032805764,0.296636364,0.048164868,0.746825926,0.066029039,0.100181818,0.037711585,4.211363636,3.162299647
SUPR541C_PostISO002,#7 (Mono - Tx Red),0.008187188,0.002098053,0.260333333,0.054076489,0.350333333,0.07025857,0.751259763,0.110029485,0.11,0.020976177,5.731,3.288521796
SUPR541C_PostISO002,#8 (Mono - Tx Red),0.00784182,0.000783391,0.213875,0.027776853,0.275125,0.04496169,0.782753367,0.067215007,0.0825,0.017525492,4.741,2.969786139
SUPR541C_PostISO002,#9 (Mono - Tx Red),0.007940173,0.000459639,0.269125,0.027920487,0.90325,0.025132506,0.297462184,0.023068987,0.126375,0.026981144,5.61675,2.81562202
SUPR541C_PostISO002,#10 (Mono - Tx Red),0.007239896,0.001392972,0.240142857,0.0334187,0.304428571,0.046768426,0.793359543,0.074615442,0.104428571,0.035785738,4.559142857,3.018023439
SUPR541C_PostISO003,#1 (Mono - Tx Red),0.008582795,0.00048351,0.243142857,0.019633548,0.320428571,0.052696797,0.768628434,0.080226169,0.093,0.024214321,6.477857143,3.123938136
SUPR541C_PostISO003,#2 (Mono - Tx Red),0.016007254,0.001778368,0.201222222,0.019581738,0.240222222,0.019240438,0.837139651,0.031446914,0.086666667,0.018708287,4.307777778,2.746667334
SUPR541C_PostISO003,#3 (Mono - Tx Red),0.00636474,0.000352417,0.4526,0.153679211,0.7146,0.071269208,0.651301066,0.243950363,0.0782,0.020523158,4.8838,2.403232968
SUPR541C_PostISO003,#4 (Mono - Tx Red),0.008260068,0.001609746,0.251714286,0.053043109,0.848,0.086619859,0.294893241,0.042490091,0.150142857,0.051673425,5.508571429,3.506168415
SUPR541C_PostISO003,#5 (Mono - Tx Red),0.008502456,0.000431703,0.219,0.026201145,0.283666667,0.019435792,0.772048097,0.075889407,0.079,0.015297059,5.159555556,3.086865162
SUPR541C_PostISO003,#6 (Mono - Tx Red),0.00546521,0.000597802,0.407,0.150089973,0.670666667,0.098895568,0.609252405,0.231834706,0.09,0.026457513,2.362,1.011593298
SUPR541C_PostISO003,#7 (Mono - Tx Red),0.00981979,0.001976608,0.146,0.030495901,0.2162,0.044465717,0.677383157,0.055048337,0.086,0.020736441,5.244,3.436590389
SUPR541C_PostISO003,#8 (Mono - Tx Red),0.006894532,0.001037535,0.170166667,0.030921945,0.230166667,0.023498227,0.73893016,0.099531721,0.078333333,0.018348479,5.626,3.275360316
SUPR541C_PostISO003,#9 (Mono - Tx Red),0.00487868,0.000360853,0.20625,0.05289815,0.359,0.076245843,0.584727165,0.138520344,0.095,0.038172541,4.232,1.844759605
SUPR541C_PostISO003,#10 (Mono - Tx Red),0.01217468,0.00182626,0.268071429,0.023714534,0.326,0.022326252,0.82188529,0.038051051,0.132142857,0.04742258,5.271928571,2.944844399
SUPR541C_PostISO004,#1 (Mono - Tx Red),0.014893963,0.001217754,0.269125,0.025232844,0.902,0.043447834,0.298341984,0.024213037,0.135375,0.031057263,5.64925,2.821745951
SUPR541C_PostISO004,#2 (Mono - Tx Red),0.006876095,0.000460286,0.203,0.030105371,0.293,0.069327724,0.705302393,0.091344106,0.077142857,0.012535663,4.064571429,2.852732424
SUPR541C_PostISO004,#3 (Mono - Tx Red),0.009444502,0.00055052,0.22175,0.01789934,0.288416667,0.027154301,0.771556773,0.059598203,0.089166667,0.017816404,4.85775,3.062644345
SUPR541C_PostISO004,#4 (Mono - Tx Red),0.010527494,0.002568204,0.191666667,0.013291601,0.248333333,0.009831921,0.771649944,0.041171955,0.09,0.02,6.428166667,2.805725676
SUPR541C_PostISO004,#5 (Mono - Tx Red),0.009622687,0.000898732,0.227363636,0.028817608,0.289181818,0.029212388,0.785887038,0.054607495,0.091909091,0.021542769,5.057363636,2.742141946
SUPR541C_PostISO004,#6 (Mono - Tx Red),0.012849003,0.00184517,0.262,0.016431677,0.338,0.034928498,0.780099427,0.071656429,0.112,0.023874673,4.121,2.951598804
SUPR541C_PostISO004,#7 (Mono - Tx Red),0.018068985,0.000703094,0.428857143,0.111305029,0.693571429,0.069756379,0.631461552,0.203527822,0.194428571,0.033624679,4.981142857,3.180018943
SUPR541C_PostISO004,#8 (Mono - Tx Red),0.008383627,0.000876993,0.317,0.057419509,0.587,0.093471921,0.538833623,0.011308919,0.106666667,0.072341781,8.783333333,1.010920538
SUPR541C_PostISO004,#9 (Mono - Tx Red),0.014491598,0.001203995,0.3585,0.026485845,0.979,0.059695896,0.366148575,0.014830987,0.191833333,0.017325319,6.399833333,2.596841113
SUPR541C_PostISO004,#10 (Mono - Tx Red),0.006066866,,0.17,,0.431,,0.394431555,,0.07,,5.965,
SUPR541C_PostISO005,#1 (Mono - Tx Red),0.00754474,0.001391237,0.2405,0.0417193,0.3055,0.062932504,0.789928845,0.026163338,0.08,0,4.829,1.634830878
SUPR541C_PostISO005,#2 (Mono - Tx Red),0.015772121,0.004802123,0.241333333,0.0447856,0.282444444,0.053953941,0.856661453,0.039759206,0.091111111,0.020883273,5.828888889,2.721664998
SUPR541C_PostISO005,#3 (Mono - Tx Red),0.010031298,0.000558911,0.279,0.028213472,0.600571429,0.107518769,0.478657527,0.103213499,0.095714286,0.020701967,4.585,2.646184549
SUPR541C_PostISO005,#4 (Mono - Tx Red),0.009024093,0.00047061,0.277,0.011269428,0.663666667,0.109409019,0.425340209,0.074165018,0.093333333,0.02081666,5.370666667,1.469657897
SUPR541C_PostISO005,#5 (Mono - Tx Red),0.00668958,0.001808692,0.242,0.067457731,0.282083333,0.063713076,0.85351622,0.060046251,0.087583333,0.017031833,5.319166667,3.070580959
SUPR541C_PostISO005,#6 (Mono - Tx Red),0.006293684,0.00133308,0.226,0.0507937,0.3122,0.063318244,0.728623013,0.114207205,0.082,0.019235384,5.6164,2.836815521
SUPR541C_PostISO005,#7 (Mono - Tx Red),0.01197529,0.000939467,0.2725,0.015,0.3825,0.017078251,0.713011696,0.040483087,0.085,0.012909944,6.2095,3.407586683
SUPR541C_PostISO005,#8 (Mono - Tx Red),0.006503571,0.000221116,0.233666667,0.020256686,0.343666667,0.049095146,0.687924162,0.106573862,0.08,0.01,4.16,1.721682026
SUPR541C_PostISO005,#9 (Mono - Tx Red),0.00912592,0.000738029,0.321,6.28037E-16,0.576,0.007071068,0.557333663,0.006841917,0.1055,0.050204581,6.9605,2.823477377
SUPR541C_PostISO005,#10 (Mono - Tx Red),0.008787957,0.003117691,0.218666667,0.054205781,0.345333333,0.095027715,0.680763854,0.221726493,0.085,0.016431677,4.688666667,1.937119477
SUPR541C_PostISO006,#1 (Mono - Tx Red),0.008532788,0.005532764,0.22525,0.043885403,0.292875,0.096315608,0.80237963,0.134550349,0.1265,0.046420439,4.672375,3.778290314
SUPR541C_PostISO006,#2 (Mono - Tx Red),0.006106447,0.000226422,0.72825,0.042936969,0.74575,0.045279686,0.976626515,0.006345391,0.0775,0.023629078,5.7545,3.306408777
SUPR541C_PostISO006,#3 (Mono - Tx Red),0.009528748,0.001982716,0.700333333,0.121327381,0.767,0.102503658,0.911259535,0.063746968,0.103333333,0.04163332,7.509,2.016553743
SUPR541C_PostISO006,#4 (Mono - Tx Red),0.010067787,0.002075443,0.6746,0.056914849,0.7366,0.041548767,0.914766914,0.02982727,0.1242,0.05429733,3.889,2.072613688
SUPR541C_PostISO006,#5 (Mono - Tx Red),0.010324069,0.001207391,0.6624,0.094833011,0.7246,0.079431102,0.911662278,0.033403661,0.1,0.041833001,5.8986,3.061875945
SUPR541C_PostISO006,#6 (Mono - Tx Red),0.023727061,0.00110343,0.2832,0.021185949,0.3562,0.023752427,0.795134882,0.028450376,0.1621,0.021020889,4.9617,3.031796242
SUPR541C_PostISO006,#7 (Mono - Tx Red),0.030073369,0.001797738,0.81075,0.01126573,0.94825,0.009142392,0.854978166,0.005720059,0.338,0.02611513,4.731,2.983959227
SUPR541C_PostISO006,#8 (Mono - Tx Red),0.010672157,0.001793124,0.377285714,0.04299114,0.531714286,0.086430539,0.718772168,0.089444963,0.084285714,0.02572751,3.617,2.186723881
SUPR541C_PostISO006,#9 (Mono - Tx Red),0.009635658,0.002370397,0.237533333,0.017053976,0.404933333,0.065953952,0.597148526,0.080411441,0.110066667,0.047041724,5.6616,2.773801126
SUPR541C_PostISO006,#10 (Mono - Tx Red),0.008240923,0.005952674,0.360333333,0.261756121,0.6355,0.180787997,0.58795615,0.343491781,0.09,0.032249031,4.755333333,3.674368336
SUPR541C_PostISO007,#1 (Mono - Tx Red),0.013628043,0.001405988,0.664,0.166153543,0.767333333,0.176692765,0.862536862,0.018561823,0.106666667,0.040414519,5.624333333,3.007614725
SUPR541C_PostISO007,#2 (Mono - Tx Red),0.008450083,0.001211051,0.637333333,0.011846237,0.687333333,0.015176737,0.927368094,0.01371865,0.096666667,0.011547005,5.437666667,2.011507478
SUPR541C_PostISO007,#3 (Mono - Tx Red),0.009549533,0.000722268,0.317,0.015716234,0.397,0.006082763,0.798649743,0.042203774,0.08,0,2.545333333,1.00101665
SUPR541C_PostISO007,#4 (Mono - Tx Red),0.008685614,0.003249224,0.308875,0.070031498,0.378875,0.039116812,0.808585871,0.128785855,0.091375,0.02684845,4.0155,2.389175411
SUPR541C_PostISO007,#5 (Mono - Tx Red),0.006717591,0.001158717,0.277923077,0.080543427,0.412846154,0.070699889,0.671766572,0.14248766,0.127076923,0.027644956,5.706769231,2.680645387
SUPR541C_PostISO007,#7 (Mono - Tx Red),0.012559806,0.000741238,0.357,0.118772893,0.537666667,0.118462371,0.650954895,0.088678106,0.103666667,0.035641736,4.373666667,3.519147103
SUPR541C_PostISO007,#8 (Mono - Tx Red),0.007006366,0.005515921,0.3705,0.325976226,0.7205,0.084145707,0.544357811,0.516004995,0.1,0.042426407,3.2625,2.123441664
SUPR541C_PostISO007,#9 (Mono - Tx Red),0.005000582,0.000819713,0.2342,0.032298607,0.3762,0.015562776,0.621932111,0.077326299,0.094,0.016733201,4.097,3.655171405
SUPR541C_PostISO007,#10 (Mono - Tx Red),0.0115534,0.000704781,0.4502,0.085558167,0.6506,0.051674946,0.688487794,0.080675236,0.072,0.013038405,6.1048,2.566446902
SUPR541C_PreISO,#1 (Mono - Tx Red),0.011465198,0.002571012,0.340333333,0.029501412,0.457,0.107503488,0.761157431,0.106914818,0.093666667,0.02510644,6.585,3.647027145
SUPR541C_PreISO,#2 (Mono - Tx Red),0.005200503,0.001811701,0.242857143,0.084599899,0.39,0.066080759,0.6217256,0.191748448,0.085714286,0.017182494,4.051428571,3.130529181
SUPR541C_PreISO,#3 (Mono - Tx Red),0.005164029,0.002198049,0.222,0.075630682,0.3482,0.046916948,0.630909171,0.16298663,0.07,0.012247449,3.975,2.507732841
SUPR541C_PreISO,#4 (Mono - Tx Red),0.009509902,0.000447815,0.26525,0.006075909,0.35025,0.011842719,0.757934568,0.029904764,0.08275,0.012526638,3.04225,2.100967138
SUPR541C_PreISO,#5 (Mono - Tx Red),0.009881519,,0.4,,0.47,,0.85106383,,0.24,,0.63,
SUPR541C_PreISO,#6 (Mono - Tx Red),0.008168129,0.000842769,0.35,0.069282032,0.417,0.063929649,0.836000777,0.041341223,0.076666667,0.02081666,2.405333333,1.54714716
SUPR541C_PreISO,#7 (Mono - Tx Red),0.003641282,0.00051246,0.733,0.063261363,0.778,0.065893854,0.942118165,0.011635703,0.0675,0.015,6.90275,2.736810355
SUPR541C_PreISO,#8 (Mono - Tx Red),0.006494307,0.000949766,0.490333333,0.268812822,0.693666667,0.107192972,0.674912982,0.311255963,0.11,0.052915026,7.215333333,3.768727681
SUPR541C_PreISO,#9 (Mono - Tx Red),0.006643545,0.002980098,0.36275,0.094429427,0.488,0.076781074,0.738433114,0.101195148,0.09775,0.025171081,3.9105,3.016443546
SUPR541C_PreISO,#10 (Mono - Tx Red),0.010237261,0.000372378,0.3124,0.021755459,0.3964,0.024885739,0.788875615,0.047585592,0.098,0.024899799,4.5654,2.92312321
SUPR541C_PreISO001,#1 (Mono - Tx Red),0.017146408,0.000205808,0.347,0.025238859,0.423666667,0.005507571,0.818699698,0.050970096,0.093666667,0.014843629,3.499333333,2.549804764
SUPR541C_PreISO001,#2 (Mono - Tx Red),0.006866924,0.000595661,0.3355,0.072803159,0.473833333,0.102034145,0.729731676,0.177625798,0.080166667,0.020788619,5.112333333,2.797012168
SUPR541C_PreISO001,#3 (Mono - Tx Red),0.015650983,0.005546932,0.342875,0.066458231,0.40675,0.04854968,0.834974386,0.084538862,0.088875,0.011025134,4.73375,2.463783545
SUPR541C_PreISO001,#4 (Mono - Tx Red),0.015063145,0.000361607,0.3704,0.033246052,0.4364,0.028797569,0.847943682,0.028683107,0.084,0.011401754,5.208,2.577412268
SUPR541C_PreISO001,#5 (Mono - Tx Red),0.018030343,0.001414324,0.420333333,0.173177173,0.764,0.120403488,0.53734584,0.134676508,0.116666667,0.04163332,6.848666667,3.765070827
SUPR541C_PreISO001,#6 (Mono - Tx Red),0.007023192,0.000650945,0.395166667,0.111320109,0.730666667,0.189579183,0.550140104,0.097863421,0.095166667,0.030069364,5.6195,3.101354785
SUPR541C_PreISO001,#7 (Mono - Tx Red),0.005899687,0.00295742,0.25775,0.108444686,0.37775,0.051577611,0.663815889,0.229095039,0.07,0.014142136,6.86025,1.283678666
SUPR541C_PreISO001,#8 (Mono - Tx Red),0.010184764,0.004294142,0.311833333,0.114891978,0.497,0.095066293,0.658279668,0.275825491,0.091666667,0.024832774,5.4025,2.897948015
SUPR541C_PreISO001,#9 (Mono - Tx Red),0.003965656,0.000346771,0.6155,0.092630988,0.7005,0.127986327,0.881287434,0.028781947,0.07,0.014142136,3.1525,2.872974852
SUPR541C_PreISO001,#10 (Mono - Tx Red),0.00531042,0.002758341,0.303666667,0.249640408,0.680666667,0.075434298,0.476882913,0.440199777,0.07,0.01,6.021333333,4.417216356
SUPR541C_PreISO002,#1 (Mono - Tx Red),0.014537729,0.000802129,0.3124,0.030303465,0.4864,0.060780754,0.648361653,0.086877098,0.1064,0.035274637,5.6382,2.631061896
SUPR541C_PreISO002,#2 (Mono - Tx Red),0.006270403,0.002560593,0.427285714,0.106934114,0.474571429,0.088067885,0.890918652,0.07781712,0.094285714,0.051915683,6.193285714,2.435527439
SUPR541C_PreISO002,#3 (Mono - Tx Red),0.003963888,0.002625567,0.28,0.084852814,0.375,0.035355339,0.739285714,0.156573644,0.13,0.014142136,7.035,3.849489317
SUPR541C_PreISO002,#4 (Mono - Tx Red),0.005812761,0.002517659,0.2862,0.110757393,0.4082,0.052831809,0.680175901,0.225584177,0.082,0.022803509,5.0678,3.20331995
SUPR541C_PreISO002,#5 (Mono - Tx Red),0.00633358,0.000188873,0.32525,0.088751995,0.43775,0.093060464,0.736801376,0.061504451,0.0775,0.009574271,5.70175,2.193743129
SUPR541C_PreISO002,#6 (Mono - Tx Red),0.010500815,0.003115846,0.4055,0.091216775,0.636,0.049497475,0.633917391,0.094087209,0.07,0.014142136,4.1035,0.736098159
SUPR541C_PreISO002,#7 (Mono - Tx Red),0.004227575,0.001948278,0.235857143,0.041474605,0.314714286,0.068759761,0.762421278,0.119212599,0.08,0.014142136,3.215428571,1.729272955
SUPR541C_PreISO002,#8 (Mono - Tx Red),0.004128584,0.000370917,0.277,0.075544689,0.437333333,0.015821926,0.635348005,0.178304652,0.086666667,0.015275252,6.418333333,2.589286839
SUPR541C_PreISO002,#10 (Mono - Tx Red),0.008029326,0.003410972,0.578833333,0.18267722,0.688833333,0.13112958,0.825138897,0.112098052,0.085,0.024289916,5.390833333,2.648947898
SUPR541C_PreISO003,#1 (Mono - Tx Red),0.012228163,,0.38,,0.51,,0.745098039,,0.18,,5.664,
SUPR541C_PreISO003,#2 (Mono - Tx Red),0.006879826,0.000547492,0.6955,0.07321407,0.747333333,0.067972543,0.929764606,0.020801877,0.103333333,0.038297084,4.690333333,2.81078307
SUPR541C_PreISO003,#3 (Mono - Tx Red),0.0105393,0.000379379,0.32525,0.038430674,0.41525,0.038430674,0.782096932,0.026010884,0.09525,0.020418537,3.02475,3.108023528
SUPR541C_PreISO003,#4 (Mono - Tx Red),0.003756906,0.000576509,0.5584,0.336804543,0.9546,0.05544637,0.576159548,0.338820786,0.1102,0.037083689,5.2098,2.718303092
SUPR541C_PreISO003,#5 (Mono - Tx Red),0.009525349,0.007099875,0.621,0.212132034,0.736,0.190918831,0.834441641,0.071768223,0.085,0.021213203,1.7865,0.79973777
SUPR541C_PreISO003,#6 (Mono - Tx Red),0.009994552,0.000795075,0.4082,0.038680745,0.6546,0.024582514,0.62501154,0.071011424,0.096,0.016733201,4.3714,2.332947556
SUPR541C_PreISO003,#7 (Mono - Tx Red),0.011712846,0.000754819,0.3744,0.116753158,0.5728,0.120876797,0.641567583,0.08597176,0.088,0.0083666,4.7458,3.573714272
SUPR541C_PreISO003,#8 (Mono - Tx Red),0.007418077,0.000694304,0.338714286,0.036854282,0.507571429,0.113359101,0.686238641,0.114019567,0.085714286,0.009759001,5.028142857,3.254456915
SUPR541C_PreISO003,#9 (Mono - Tx Red),0.006197419,0.000714967,0.28775,0.035873621,0.38775,0.02582473,0.744295046,0.099893872,0.08,0.008164966,5.9995,2.657781719
SUPR541C_PreISO003,#10 (Mono - Tx Red),0.007012409,0.002036509,0.254,0.067838042,0.34775,0.033255504,0.720981591,0.135058939,0.08125,0.01457738,4.499625,2.82125767
SUPR541C_PreISO004,#1 (Mono - Tx Red),0.009960699,0.000738961,0.2475,0.026299556,0.3275,0.015,0.754417694,0.05094427,0.07,0.008164966,3.17225,2.184581482
SUPR541C_PreISO004,#2 (Mono - Tx Red),0.014689134,0.000669158,0.289222222,0.024993888,0.384888889,0.063313593,0.766032643,0.113746438,0.076777778,0.0148642,5.130666667,2.851261431
SUPR541C_PreISO004,#3 (Mono - Tx Red),0.010987136,0.00043219,0.704,0.071042241,0.807333333,0.072597061,0.871653284,0.027226926,0.100333333,0.017039171,4.683666667,3.721643365
SUPR541C_PreISO004,#4 (Mono - Tx Red),0.014253924,0.000916899,0.485,0.172713636,0.775666667,0.105821863,0.631589398,0.223135393,0.168333333,0.063377178,6.38,2.849016251
SUPR541C_PreISO004,#5 (Mono - Tx Red),0.011645875,0.002449765,0.33525,0.035297713,0.490375,0.097820444,0.699302432,0.103522679,0.096375,0.022664872,4.9475,3.361356911
SUPR541C_PreISO004,#6 (Mono - Tx Red),0.010355184,0.006833553,0.358857143,0.087419351,0.394571429,0.07187456,0.902040638,0.066180227,0.071428571,0.003779645,5.212428571,3.040200479
SUPR541C_PreISO004,#7 (Mono - Tx Red),0.008520769,0.004811668,0.44275,0.140464408,0.48525,0.112502963,0.897185348,0.104750675,0.0725,0.018929694,6.95775,2.635792022
SUPR541C_PreISO004,#8 (Mono - Tx Red),0.005944532,0.000358256,0.17,0.03,0.271428571,0.030237158,0.629443813,0.107119331,0.082857143,0.020586635,4.221714286,3.137406132
SUPR541C_PreISO004,#9 (Mono - Tx Red),0.015982502,0.000340203,0.323333333,0.015275252,0.41,0.043588989,0.795937726,0.106714037,0.116666667,0.025166115,5.147,2.967145261
SUPR541C_PreISO004,#10 (Mono - Tx Red),0.008927533,0.002656391,0.29025,0.079750952,0.600375,0.138058929,0.518599447,0.189034709,0.088875,0.025159136,4.6885,3.125064022
SUPR541C_PreISO005,#1 (Mono - Tx Red),0.000983471,0.00012866,0.095,0.021213203,0.11,0.028284271,0.867521368,0.030218239,0.065,0.007071068,6.41,3.474722723
SUPR541C_PreISO005,#2 (Mono - Tx Red),0.012397289,0.007268568,0.47525,0.251031705,0.6805,0.142010563,0.672902092,0.207529292,0.08,0.011547005,3.873,1.190103917
SUPR541C_PreISO005,#3 (Mono - Tx Red),0.015937915,0.00081726,0.410375,0.059428078,0.658125,0.048604637,0.625622881,0.097033805,0.091375,0.028849053,4.987625,2.670075009
SUPR541C_PreISO005,#4 (Mono - Tx Red),0.011758719,,0.47,,0.55,,0.854545455,,0.07,,9.267,
SUPR541C_PreISO005,#5 (Mono - Tx Red),0.008522879,0.003786891,0.2584,0.068354224,0.3844,0.108863676,0.677861504,0.05168945,0.098,0.027748874,5.13,3.584119557
SUPR541C_PreISO005,#6 (Mono - Tx Red),0.011815519,0.000458383,0.420142857,0.071857332,0.646,0.084330698,0.659624726,0.14312108,0.104285714,0.025071327,5.501285714,3.023097182
SUPR541C_PreISO005,#7 (Mono - Tx Red),0.013413244,0.000306687,0.3624,0.040537637,0.6686,0.030631683,0.542326808,0.058037989,0.104,0.011401754,3.5568,1.920964393
SUPR541C_PreISO005,#8 (Mono - Tx Red),0.018056594,0.002723037,0.57275,0.133629775,0.6855,0.109728453,0.828389964,0.065179821,0.1175,0.047871355,5.199,3.070946325
SUPR541C_PreISO005,#9 (Mono - Tx Red),0.011940006,0.003986889,0.353,0.122132442,0.604571429,0.092786237,0.572638458,0.184503804,0.087142857,0.017994708,5.524142857,3.496456703
SUPR541C_PreISO005,#10 (Mono - Tx Red),0.013177652,0.000389279,0.383666667,0.075367986,0.547,0.039962482,0.703780073,0.146825076,0.123333333,0.02081666,6.261333333,1.98655036
